sysid,title,article_text,law_group,law_type
oic_38746,พระราชบัญญัติประกันชีวิต พ.ศ.2535 แก้ไขตามมาตรา 3 แห่ง พระราชบัญญัติคณะกรรมการกำกับและส่งเสริมการประกอบธุรกิจประกันภัย พ.ศ.2550,[กฎหมายประกันชีวิต] 2014-02-07 พระราชบัญญัติประกันชีวิต พ.ศ.2535 แก้ไขตามมาตรา 3 แห่ง พระราชบัญญัติคณะกรรมการกำกับและส่งเสริมการประกอบธุรกิจประกันภัย พ.ศ.2550,ประกันภัย,กฎหมายประกันชีวิต
oic_38747,ฉบับที่ 4 ว่าด้วย หลักเกณฑ์ และวิธีการ การขอรับใบอนุญาตประกอบธุรกิจประกันชีวิต และการออกใบอนุญาตประกอบธุรกิจประกันชีวิต โดยตั้งเป็นสาขาของบริษัทประกันชีวิต ต่างประเทศ,[กฎหมายประกันชีวิต] 2014-02-07 ฉบับที่ 4 ว่าด้วย หลักเกณฑ์ และวิธีการ การขอรับใบอนุญาตประกอบธุรกิจประกันชีวิต และการออกใบอนุญาตประกอบธุรกิจประกันชีวิต โดยตั้งเป็นสาขาของบริษัทประกันชีวิต ต่างประเทศ,ประกันภัย,กฎหมายประกันชีวิต
oic_38748,การกำหนดเงื่อนไข การจัดตั้งบริษัทจำกัด หรือบริษัทมหาชนจำกัดเพื่อประกอบธุรกิจประกันชีวิต หรือธุรกิจประกันวินาศภัย สำหรับปี 2538 (ฉบับที่ 3),[กฎหมายประกันชีวิต] 2014-02-07 การกำหนดเงื่อนไข การจัดตั้งบริษัทจำกัด หรือบริษัทมหาชนจำกัดเพื่อประกอบธุรกิจประกันชีวิต หรือธุรกิจประกันวินาศภัย สำหรับปี 2538 (ฉบับที่ 3),ประกันภัย,กฎหมายประกันชีวิต
oic_38749,การวางเงินสำรองประกันภัย,[กฎหมายประกันชีวิต] 2014-02-07 การวางเงินสำรองประกันภัย,ประกันภัย,กฎหมายประกันชีวิต
oic_38750,ที่ 784/2551 เรื่อง ให้เลิกควบคุมบริษัท สหประกันชีวิต จำกัด,[กฎหมายประกันชีวิต] 2014-02-07 ที่ 784/2551 เรื่อง ให้เลิกควบคุมบริษัท สหประกันชีวิต จำกัด,ประกันภัย,กฎหมายประกันชีวิต
oic_38751,พระราชบัญญัติประกันชีวิต พ.ศ. 2535,[กฎหมายประกันชีวิต] 2014-02-10 พระราชบัญญัติประกันชีวิต พ.ศ. 2535,ประกันภัย,กฎหมายประกันชีวิต
oic_38752,พระราชบัญญัติประกันชีวิต พ.ศ. 2535 และที่แก้ไขเพิ่มเติม,[กฎหมายประกันชีวิต] 2014-02-10 พระราชบัญญัติประกันชีวิต พ.ศ. 2535 และที่แก้ไขเพิ่มเติม,ประกันภัย,กฎหมายประกันชีวิต
oic_38753,พระราชบัญญัติประกันชีวิต (ฉบับที่ 2) พ.ศ. 2551,[กฎหมายประกันชีวิต] 2014-02-10 พระราชบัญญัติประกันชีวิต (ฉบับที่ 2) พ.ศ. 2551,ประกันภัย,กฎหมายประกันชีวิต
oic_38754,ฉบับที่ 3 ว่าด้วย หลักเกณฑ์ วิธีการ การขอรับใบอนุญาตประกอบธุรกิจประกันชีวิต และการออกใบอนุญาตประกอบธุรกิจประกันชีวิตต่างประเทศ (11 ธ.ค. 2538),[กฎหมายประกันชีวิต] 2014-02-10 ฉบับที่ 3 ว่าด้วย หลักเกณฑ์ วิธีการ การขอรับใบอนุญาตประกอบธุรกิจประกันชีวิต และการออกใบอนุญาตประกอบธุรกิจประกันชีวิตต่างประเทศ (11 ธ.ค. 2538),ประกันภัย,กฎหมายประกันชีวิต
oic_38755,ฉบับที่ 5 ว่าด้วย มูลค่าหลักทรัพย์ของบริษัทที่วางไว้กับนายทะเบียน เป็นหลักทรัพย์ประกัน,[กฎหมายประกันชีวิต] 2014-02-10 ฉบับที่ 5 ว่าด้วย มูลค่าหลักทรัพย์ของบริษัทที่วางไว้กับนายทะเบียน เป็นหลักทรัพย์ประกัน,ประกันภัย,กฎหมายประกันชีวิต
oic_38756,กำหนดหลักเกณฑ์ และวิธีการขอรับใบอนุญาตและการออกใบอนุญาตประกอบธุรกิจประกันชีวิตสำหรับบริษัทใหม่ที่ควบเข้ากัน พ.ศ. 2548,[กฎหมายประกันชีวิต] 2014-02-10 กำหนดหลักเกณฑ์ และวิธีการขอรับใบอนุญาตและการออกใบอนุญาตประกอบธุรกิจประกันชีวิตสำหรับบริษัทใหม่ที่ควบเข้ากัน พ.ศ. 2548,ประกันภัย,กฎหมายประกันชีวิต
oic_38757,กำหนดค่าธรรมเนียมสำหรับธุรกิจประกันชีวิต พ.ศ. 2552,[กฎหมายประกันชีวิต] 2014-02-10 กำหนดค่าธรรมเนียมสำหรับธุรกิจประกันชีวิต พ.ศ. 2552,ประกันภัย,กฎหมายประกันชีวิต
oic_38758,กำหนดแบบบัตรประจำตัวนายทะเบียนและพนักงานเจ้าหน้าที่ พ.ศ.2553,[กฎหมายประกันชีวิต] 2014-02-10 กำหนดแบบบัตรประจำตัวนายทะเบียนและพนักงานเจ้าหน้าที่ พ.ศ.2553,ประกันภัย,กฎหมายประกันชีวิต
oic_38759,การลงทุนประกอบธุรกิจอื่นของบริษัทประกันชีวิต,[กฎหมายประกันชีวิต] 2014-02-10 การลงทุนประกอบธุรกิจอื่นของบริษัทประกันชีวิต,ประกันภัย,กฎหมายประกันชีวิต
oic_38760,หลักเกณฑ์ วิธีการ และระยะเวลาที่ถือว่าเป็นการประวิงการคืนเบี้ยประกันภัย ของบริษัทประกันชีวิต,[กฎหมายประกันชีวิต] 2014-02-10 หลักเกณฑ์ วิธีการ และระยะเวลาที่ถือว่าเป็นการประวิงการคืนเบี้ยประกันภัย ของบริษัทประกันชีวิต,ประกันภัย,กฎหมายประกันชีวิต
oic_38761,การลงทุนประกอบธุรกิจอื่นของบริษัทประกันชีวิต (ฉบับที่2),[กฎหมายประกันชีวิต] 2014-02-10 การลงทุนประกอบธุรกิจอื่นของบริษัทประกันชีวิต (ฉบับที่2),ประกันภัย,กฎหมายประกันชีวิต
oic_38762,การลงทุนประกอบธุรกิจอื่นของบริษัทประกันชีวิต (ฉบับที่ 3),[กฎหมายประกันชีวิต] 2014-02-10 การลงทุนประกอบธุรกิจอื่นของบริษัทประกันชีวิต (ฉบับที่ 3),ประกันภัย,กฎหมายประกันชีวิต
oic_38763,แต่งตั้งคณะกรรมการเปรียบเทียบตาม พ.ร.บ.ประกันชีวิต พ.ศ. 2535,[กฎหมายประกันชีวิต] 2014-02-10 แต่งตั้งคณะกรรมการเปรียบเทียบตาม พ.ร.บ.ประกันชีวิต พ.ศ. 2535,ประกันภัย,กฎหมายประกันชีวิต
oic_38764,แต่งตั้งพนักงานเจ้าหน้าที่ตาม พ.ร.บ.ประกันชีวิต พ.ศ. 2535,[กฎหมายประกันชีวิต] 2014-02-10 แต่งตั้งพนักงานเจ้าหน้าที่ตาม พ.ร.บ.ประกันชีวิต พ.ศ. 2535,ประกันภัย,กฎหมายประกันชีวิต
oic_38765,ที่ 477/2553 เรื่อง ให้ควบคุมบริษัท ฟินันซ่าประกันชีวิต จำกัด,[กฎหมายประกันชีวิต] 2014-02-10 ที่ 477/2553 เรื่อง ให้ควบคุมบริษัท ฟินันซ่าประกันชีวิต จำกัด,ประกันภัย,กฎหมายประกันชีวิต
oic_38766,ที่1389/2556 เรื่อง ให้เลิกควบคุมบริษัท ฟินันซ่าประกันชีวิต จำกัด,[กฎหมายประกันชีวิต] 2014-02-10 ที่1389/2556 เรื่อง ให้เลิกควบคุมบริษัท ฟินันซ่าประกันชีวิต จำกัด,ประกันภัย,กฎหมายประกันชีวิต
oic_38767,หลักเกณฑ์ วิธีการ และอัตราเงินสมทบที่บริษัทประกันต้องนำส่งให้สำนักงาน คปภ.,[กฎหมายประกันชีวิต] 2014-02-10 หลักเกณฑ์ วิธีการ และอัตราเงินสมทบที่บริษัทประกันต้องนำส่งให้สำนักงาน คปภ.,ประกันภัย,กฎหมายประกันชีวิต
oic_38768,แบบการส่งเงินสมทบของบริษัทประกันชีวิต และการขอนำเงินสมทบส่วนที่เกินไปจ่ายเป็นเงินสมทบสำหรับรอบสามเดือนต่อๆ ไป,[กฎหมายประกันชีวิต] 2014-02-10 แบบการส่งเงินสมทบของบริษัทประกันชีวิต และการขอนำเงินสมทบส่วนที่เกินไปจ่ายเป็นเงินสมทบสำหรับรอบสามเดือนต่อๆ ไป,ประกันภัย,กฎหมายประกันชีวิต
oic_38769,หลักเกณฑ์ วิธีการและเงื่อนไขในการขออนุญาตเปิดสาขา ย้ายที่ตั้งสำนักงานใหญ่ หรือสำนักงานสาขา หรือยกเลิกสาขาของบริษัทประกันชีวิต พ.ศ. 2551,[กฎหมายประกันชีวิต] 2014-02-10 หลักเกณฑ์ วิธีการและเงื่อนไขในการขออนุญาตเปิดสาขา ย้ายที่ตั้งสำนักงานใหญ่ หรือสำนักงานสาขา หรือยกเลิกสาขาของบริษัทประกันชีวิต พ.ศ. 2551,ประกันภัย,กฎหมายประกันชีวิต
oic_38770,หลักเกณฑ์ วิธีการ และเงื่อนไขในการขอรับใบอนุญาต การขอต่ออายุใบอนุญาต และการออกใบอนุญาตเป็นนักคณิตศาสตร์ประกันภัย พ.ศ.2551,[กฎหมายประกันชีวิต] 2014-02-10 หลักเกณฑ์ วิธีการ และเงื่อนไขในการขอรับใบอนุญาต การขอต่ออายุใบอนุญาต และการออกใบอนุญาตเป็นนักคณิตศาสตร์ประกันภัย พ.ศ.2551,ประกันภัย,กฎหมายประกันชีวิต
oic_38771,กำหนดแบบและรายการสมุดทะเบียนเกี่ยวกับธุรกิจของนายหน้าประกันชีวิต พ.ศ. 2551,[กฎหมายประกันชีวิต] 2014-02-10 กำหนดแบบและรายการสมุดทะเบียนเกี่ยวกับธุรกิจของนายหน้าประกันชีวิต พ.ศ. 2551,ประกันภัย,กฎหมายประกันชีวิต
oic_38772,หลักเกณฑ์และเงื่อนไขในการออกใบอนุญาตให้นิติบุคคลประเภทสถาบันการเงิน เป็นนายหน้าประกันชีวิต,[กฎหมายประกันชีวิต] 2014-02-10 หลักเกณฑ์และเงื่อนไขในการออกใบอนุญาตให้นิติบุคคลประเภทสถาบันการเงิน เป็นนายหน้าประกันชีวิต,ประกันภัย,กฎหมายประกันชีวิต
oic_38773,กำหนดแบบและรายการสมุดทะเบียนเกี่ยวกับธุรกิจของนายหน้าประกันชีวิตพ.ศ. 2551,[กฎหมายประกันชีวิต] 2014-02-10 กำหนดแบบและรายการสมุดทะเบียนเกี่ยวกับธุรกิจของนายหน้าประกันชีวิตพ.ศ. 2551,ประกันภัย,กฎหมายประกันชีวิต
oic_38774,กำหนดจำนวน ชนิด วิธีการและเงื่อนไขในการดำรงทรัพย์สินไว้ใน ประเทศไทยของสาขา บริษัทประกันชีวิตต่างประเทศ พ.ศ.2551,[กฎหมายประกันชีวิต] 2014-02-10 กำหนดจำนวน ชนิด วิธีการและเงื่อนไขในการดำรงทรัพย์สินไว้ใน ประเทศไทยของสาขา บริษัทประกันชีวิตต่างประเทศ พ.ศ.2551,ประกันภัย,กฎหมายประกันชีวิต
oic_38775,หลักเกณฑ์และเงื่อนไขในการยกเว้นให้บุคคลที่เป็นหรือทำหน้าที่กรรมการ ผู้จัดการ หรือบุคคลผู้มีอำนาจในการจัดการของบริษัทประกันชีวิตไปเป็นกรรมการผู้จัดการ ผุ้จัดการ หรือบุคคลผู้มีอำนาจในการจัดการของบริษัทป,[กฎหมายประกันชีวิต] 2014-02-10 หลักเกณฑ์และเงื่อนไขในการยกเว้นให้บุคคลที่เป็นหรือทำหน้าที่กรรมการ ผู้จัดการ หรือบุคคลผู้มีอำนาจในการจัดการของบริษัทประกันชีวิตไปเป็นกรรมการผู้จัดการ ผุ้จัดการ หรือบุคคลผู้มีอำนาจในการจัดการของบริษัทป,ประกันภัย,กฎหมายประกันชีวิต
oic_38776,อัตราค่าจ้าง หรือค่าบำเหน็จสำหรับตัวแทนประกันชีวิตและนายหน้าประกันชีวิต พ.ศ.2551,[กฎหมายประกันชีวิต] 2014-02-10 อัตราค่าจ้าง หรือค่าบำเหน็จสำหรับตัวแทนประกันชีวิตและนายหน้าประกันชีวิต พ.ศ.2551,ประกันภัย,กฎหมายประกันชีวิต
oic_38777,กำหนดแบบและรายการสมุดทะเบียนเกี่ยวกับธุรกิจของบริษัทประกันชีวิต พ.ศ. 2551,[กฎหมายประกันชีวิต] 2014-02-10 กำหนดแบบและรายการสมุดทะเบียนเกี่ยวกับธุรกิจของบริษัทประกันชีวิต พ.ศ. 2551,ประกันภัย,กฎหมายประกันชีวิต
oic_38778,หลักเกณฑ์ วิธีการและเงื่อนไขในการเปิดเผยข้อมูลเกี่ยวกับฐานะการเงินและผลการดำเนินงานของบริษัทประกันชีวิต พ.ศ. 2551,[กฎหมายประกันชีวิต] 2014-02-10 หลักเกณฑ์ วิธีการและเงื่อนไขในการเปิดเผยข้อมูลเกี่ยวกับฐานะการเงินและผลการดำเนินงานของบริษัทประกันชีวิต พ.ศ. 2551,ประกันภัย,กฎหมายประกันชีวิต
oic_38779,หลักเกณฑ์ วิธีการ เงื่อนไข การขออนุญาต การอนุญาตและการต่ออายุ ใบอนุญาตเป็น ตัวแทนประกันชีวิตและนายหน้าประกันชีวิต พ.ศ. 2551,[กฎหมายประกันชีวิต] 2014-02-10 หลักเกณฑ์ วิธีการ เงื่อนไข การขออนุญาต การอนุญาตและการต่ออายุ ใบอนุญาตเป็น ตัวแทนประกันชีวิตและนายหน้าประกันชีวิต พ.ศ. 2551,ประกันภัย,กฎหมายประกันชีวิต
oic_38780,การจัดสรรสินทรัพย์ไว้สำหรับหนี้สินและภาระผูกพันตามสัญญาประกันชีวิตและการฝากสินทรัพย์ไว้กับสถาบันการเงิน พ.ศ. 2551,[กฎหมายประกันชีวิต] 2014-02-10 การจัดสรรสินทรัพย์ไว้สำหรับหนี้สินและภาระผูกพันตามสัญญาประกันชีวิตและการฝากสินทรัพย์ไว้กับสถาบันการเงิน พ.ศ. 2551,ประกันภัย,กฎหมายประกันชีวิต
oic_38781,หลักเกณฑ์ วิธีการ และเงื่อนไขในการกำหนดมาตรฐานขั้นต่ำในการบริหารจัดการ ความเสี่ยงของบริษัทประกันชีวิต พ.ศ.2551,[กฎหมายประกันชีวิต] 2014-02-10 หลักเกณฑ์ วิธีการ และเงื่อนไขในการกำหนดมาตรฐานขั้นต่ำในการบริหารจัดการ ความเสี่ยงของบริษัทประกันชีวิต พ.ศ.2551,ประกันภัย,กฎหมายประกันชีวิต
oic_38782,กำหนดหลักเกณฑ์ วิธีการออก การเสนอขายกรมธรรม์ ประกันภัยและการปฏบัติ หน้าที่ของตัวแทนประกันชีวิตนายหน้าประกันชีวิตและธนาคาร พ.ศ.2551,[กฎหมายประกันชีวิต] 2014-02-10 กำหนดหลักเกณฑ์ วิธีการออก การเสนอขายกรมธรรม์ ประกันภัยและการปฏบัติ หน้าที่ของตัวแทนประกันชีวิตนายหน้าประกันชีวิตและธนาคาร พ.ศ.2551,ประกันภัย,กฎหมายประกันชีวิต
oic_38783,ให้บริษัทประกันชีวิตยื่นรายงานเกี่ยวกับฐานะการเงินและกิจการของบริษัท พ.ศ. 2551,[กฎหมายประกันชีวิต] 2014-02-10 ให้บริษัทประกันชีวิตยื่นรายงานเกี่ยวกับฐานะการเงินและกิจการของบริษัท พ.ศ. 2551,ประกันภัย,กฎหมายประกันชีวิต
oic_38784,กำหนดหลักเกณฑ์ วิธีการเสนอขายกรมธรรม์ประกันภัยผ่านทางโทรศัพท์ พ.ศ.2552,[กฎหมายประกันชีวิต] 2014-02-10 กำหนดหลักเกณฑ์ วิธีการเสนอขายกรมธรรม์ประกันภัยผ่านทางโทรศัพท์ พ.ศ.2552,ประกันภัย,กฎหมายประกันชีวิต
oic_38785,กำหนดอัตรา หลักเกณฑ์ วิธีการ เงื่อนไข และระยะเวลาที่บริษัทต้องนำ ส่งเงินเข้ากองทุน ประกันชีวิต พ.ศ. 2552,[กฎหมายประกันชีวิต] 2014-02-10 กำหนดอัตรา หลักเกณฑ์ วิธีการ เงื่อนไข และระยะเวลาที่บริษัทต้องนำ ส่งเงินเข้ากองทุน ประกันชีวิต พ.ศ. 2552,ประกันภัย,กฎหมายประกันชีวิต
oic_38786,หลักทรัพย์ของบริษัทประกันชีวิตที่ต้องวางไว้กับนายทะเบียนเป็นหลักทรัพย์ประกัน พ.ศ.2552,[กฎหมายประกันชีวิต] 2014-02-10 หลักทรัพย์ของบริษัทประกันชีวิตที่ต้องวางไว้กับนายทะเบียนเป็นหลักทรัพย์ประกัน พ.ศ.2552,ประกันภัย,กฎหมายประกันชีวิต
oic_38787,หลักเกณฑ์ วิธีการ เงื่อนไข และระยะเวลาในการจัดทำและยื่นงบการเงินและรายงานเกี่ยวกับผลการดำเนินงานของบริษัทประกันชีวิต พ.ศ.2552,[กฎหมายประกันชีวิต] 2014-02-10 หลักเกณฑ์ วิธีการ เงื่อนไข และระยะเวลาในการจัดทำและยื่นงบการเงินและรายงานเกี่ยวกับผลการดำเนินงานของบริษัทประกันชีวิต พ.ศ.2552,ประกันภัย,กฎหมายประกันชีวิต
oic_38788,จรรยาบรรณแห่งวิชาชีพนักคณิตศาสตร์ประกันภัย ตามกฎหมายว่าด้วยการประกันชีวิต พ.ศ.2552,[กฎหมายประกันชีวิต] 2014-02-10 จรรยาบรรณแห่งวิชาชีพนักคณิตศาสตร์ประกันภัย ตามกฎหมายว่าด้วยการประกันชีวิต พ.ศ.2552,ประกันภัย,กฎหมายประกันชีวิต
oic_38789,หลักเกณฑ์และเงื่อนไขในการออกใบอนุญาตให้นิติบุคคลเป็นนายหน้าประกันชีวิต พ.ศ. 2552,[กฎหมายประกันชีวิต] 2014-02-10 หลักเกณฑ์และเงื่อนไขในการออกใบอนุญาตให้นิติบุคคลเป็นนายหน้าประกันชีวิต พ.ศ. 2552,ประกันภัย,กฎหมายประกันชีวิต
oic_38790,แบบรายการงบดุลและงบกำไรขาดทุนของบริษัทประกันชีวิต พ.ศ. 2552,[กฎหมายประกันชีวิต] 2014-02-10 แบบรายการงบดุลและงบกำไรขาดทุนของบริษัทประกันชีวิต พ.ศ. 2552,ประกันภัย,กฎหมายประกันชีวิต
oic_38791,หลักเกณฑ์ วิธีการ และเงื่อนไขในการจ่ายเงินจากกองทุนประกันชีวิต และมูลหนี้ที่เกิดจากการเอาประภัย พ.ศ.2552,[กฎหมายประกันชีวิต] 2014-02-10 หลักเกณฑ์ วิธีการ และเงื่อนไขในการจ่ายเงินจากกองทุนประกันชีวิต และมูลหนี้ที่เกิดจากการเอาประภัย พ.ศ.2552,ประกันภัย,กฎหมายประกันชีวิต
oic_38792,หลักเกณฑ์ วิธีการ และเงื่อนไขในการชดใช้เงินตามสัญญาประกันชีวิต พ.ศ. 2552,[กฎหมายประกันชีวิต] 2014-02-10 หลักเกณฑ์ วิธีการ และเงื่อนไขในการชดใช้เงินตามสัญญาประกันชีวิต พ.ศ. 2552,ประกันภัย,กฎหมายประกันชีวิต
oic_38793,หลักเกณฑ์และวิธีการในการประกาศหรือโฆษณาการฝ่าฝืนหรือไม่ปฏิบัติตามกฎหมายว่าด้วยการประกันชีวิต พ.ศ. 2552,[กฎหมายประกันชีวิต] 2014-02-10 หลักเกณฑ์และวิธีการในการประกาศหรือโฆษณาการฝ่าฝืนหรือไม่ปฏิบัติตามกฎหมายว่าด้วยการประกันชีวิต พ.ศ. 2552,ประกันภัย,กฎหมายประกันชีวิต
oic_38794,บุคคลที่เกี่ยวข้องกับกรรมการของบริษัทประกันชีวิต พ.ศ.2552,[กฎหมายประกันชีวิต] 2014-02-10 บุคคลที่เกี่ยวข้องกับกรรมการของบริษัทประกันชีวิต พ.ศ.2552,ประกันภัย,กฎหมายประกันชีวิต
oic_38795,กำหนดอัตราเงินค่าเวนคืนกรมธรรม์ประกันภัย และเงื่อนไขการจ่ายเงิน พ.ศ.2552,[กฎหมายประกันชีวิต] 2014-02-10 กำหนดอัตราเงินค่าเวนคืนกรมธรรม์ประกันภัย และเงื่อนไขการจ่ายเงิน พ.ศ.2552,ประกันภัย,กฎหมายประกันชีวิต
oic_38796,กำหนดแบบ ขนาด ตัวอักษรภาษาที่ใช้และข้อความของเอกสารการรับเงินของบริษัทประกันชีวิต พ.ศ.2552,[กฎหมายประกันชีวิต] 2014-02-10 กำหนดแบบ ขนาด ตัวอักษรภาษาที่ใช้และข้อความของเอกสารการรับเงินของบริษัทประกันชีวิต พ.ศ.2552,ประกันภัย,กฎหมายประกันชีวิต
oic_38797,หลักเกณฑ์ วิธีการ และเงื่อนไขการจัดสรรเบี้ยประกันภัยไว้เป็นเงินสำรองประกันภัยสำหรับกรมธรรม์ประกันชีวิตที่ยังมีความผูกพันอยู่ พ.ศ.2552,[กฎหมายประกันชีวิต] 2014-02-10 หลักเกณฑ์ วิธีการ และเงื่อนไขการจัดสรรเบี้ยประกันภัยไว้เป็นเงินสำรองประกันภัยสำหรับกรมธรรม์ประกันชีวิตที่ยังมีความผูกพันอยู่ พ.ศ.2552,ประกันภัย,กฎหมายประกันชีวิต
oic_38798,หลักเกณฑ์ วิธีการ และเงื่อนไขการวางเงินสำรองประกันภัยของธุรกิจประกันชีวิต พ.ศ.2552,[กฎหมายประกันชีวิต] 2014-02-10 หลักเกณฑ์ วิธีการ และเงื่อนไขการวางเงินสำรองประกันภัยของธุรกิจประกันชีวิต พ.ศ.2552,ประกันภัย,กฎหมายประกันชีวิต
oic_38799,การประเมินราคาทรัพย์สินและหนี้สินของบริษัทประกันชีวิต พ.ศ.2552,[กฎหมายประกันชีวิต] 2014-02-10 การประเมินราคาทรัพย์สินและหนี้สินของบริษัทประกันชีวิต พ.ศ.2552,ประกันภัย,กฎหมายประกันชีวิต
oic_38800,หลักเกณฑ์ วิธีการ และเงื่อนไขในการชดใช้เงินตามสัญญาประกันชีวิต พ.ศ. 2553,[กฎหมายประกันชีวิต] 2014-02-10 หลักเกณฑ์ วิธีการ และเงื่อนไขในการชดใช้เงินตามสัญญาประกันชีวิต พ.ศ. 2553,ประกันภัย,กฎหมายประกันชีวิต
oic_38801,หลักเกณฑ์ วิธีการ เงื่อนไข และระยะเวลา ในการจัดทำและยื่นงบการเงินและรายงานเกี่ยวกับผลการดำเนินงานของบริษัทประกันชีวิต (ฉบับที่ 2) พ.ศ.2553,[กฎหมายประกันชีวิต] 2014-02-10 หลักเกณฑ์ วิธีการ เงื่อนไข และระยะเวลา ในการจัดทำและยื่นงบการเงินและรายงานเกี่ยวกับผลการดำเนินงานของบริษัทประกันชีวิต (ฉบับที่ 2) พ.ศ.2553,ประกันภัย,กฎหมายประกันชีวิต
oic_38802,ให้บริษัทประกันชีวิตยื่นรายงานเกี่ยวกับฐานะการเงินและกิจการของบริษัท (ฉบับที่ 2) พ.ศ. 2553,[กฎหมายประกันชีวิต] 2014-02-10 ให้บริษัทประกันชีวิตยื่นรายงานเกี่ยวกับฐานะการเงินและกิจการของบริษัท (ฉบับที่ 2) พ.ศ. 2553,ประกันภัย,กฎหมายประกันชีวิต
oic_38803,กำหนดแบบ ขนาด ตัวอักษร ภาษาที่ใช้ และข้อความ ของเอกสารแสดงการรับเงินของบริษัทประกันชีวิต พ.ศ. 2553,[กฎหมายประกันชีวิต] 2014-02-10 กำหนดแบบ ขนาด ตัวอักษร ภาษาที่ใช้ และข้อความ ของเอกสารแสดงการรับเงินของบริษัทประกันชีวิต พ.ศ. 2553,ประกันภัย,กฎหมายประกันชีวิต
oic_38804,กำหนดให้บริษัทประกันชีวิตเปิดทำการติดต่อกับประชาชน ประจำปี พ.ศ.2554,[กฎหมายประกันชีวิต] 2014-02-10 กำหนดให้บริษัทประกันชีวิตเปิดทำการติดต่อกับประชาชน ประจำปี พ.ศ.2554,ประกันภัย,กฎหมายประกันชีวิต
oic_38805,การลงทุนประกอบธุรกิจอื่นของบริษัทประกันชีวิต พ.ศ.2553,[กฎหมายประกันชีวิต] 2014-02-10 การลงทุนประกอบธุรกิจอื่นของบริษัทประกันชีวิต พ.ศ.2553,ประกันภัย,กฎหมายประกันชีวิต
oic_38806,การลงทุนประกอบธุรกิจอื่นของบริษัทประกันชีวิต (ฉบับที่ 2) พ.ศ.2554,[กฎหมายประกันชีวิต] 2014-02-10 การลงทุนประกอบธุรกิจอื่นของบริษัทประกันชีวิต (ฉบับที่ 2) พ.ศ.2554,ประกันภัย,กฎหมายประกันชีวิต
oic_38807,การประเมินราคาทรัพย์สินและหนี้สินของบริษัทประกันชีวิต (ฉบับที่ 2) พ.ศ. 2554,[กฎหมายประกันชีวิต] 2014-02-10 การประเมินราคาทรัพย์สินและหนี้สินของบริษัทประกันชีวิต (ฉบับที่ 2) พ.ศ. 2554,ประกันภัย,กฎหมายประกันชีวิต
oic_38808,หลักเกณฑ์และเงื่อนไขในการออกใบอนุญาตให้นิติบุคคลประเภทสถาบันการเงินเป็นนายหน้าประกันชีวิต (ฉบับที่ 2) พ.ศ.2554,[กฎหมายประกันชีวิต] 2014-02-10 หลักเกณฑ์และเงื่อนไขในการออกใบอนุญาตให้นิติบุคคลประเภทสถาบันการเงินเป็นนายหน้าประกันชีวิต (ฉบับที่ 2) พ.ศ.2554,ประกันภัย,กฎหมายประกันชีวิต
oic_38809,กำหนดหลักเกณฑ์ วิธีการออก การเสนอขายกรมธรรม์ประกันภัย และการปฏิบัติหน้าที่ของตัวแทนประกันชีวิต นายหน้าประกันชีวิต และธนาคาร (ฉบับที่ 2) พ.ศ.2554,[กฎหมายประกันชีวิต] 2014-02-10 กำหนดหลักเกณฑ์ วิธีการออก การเสนอขายกรมธรรม์ประกันภัย และการปฏิบัติหน้าที่ของตัวแทนประกันชีวิต นายหน้าประกันชีวิต และธนาคาร (ฉบับที่ 2) พ.ศ.2554,ประกันภัย,กฎหมายประกันชีวิต
oic_38810,กำหนดแบบ หลักเกณฑ์ วิธีการ เงื่อนไข และระยะเวลาการส่งรายงานประจำปี การคำนวณความรับผิดตามกรมธรรม์ประกันภัยของบริษัทประกันชีวิต พ.ศ. 2554,[กฎหมายประกันชีวิต] 2014-02-10 กำหนดแบบ หลักเกณฑ์ วิธีการ เงื่อนไข และระยะเวลาการส่งรายงานประจำปี การคำนวณความรับผิดตามกรมธรรม์ประกันภัยของบริษัทประกันชีวิต พ.ศ. 2554,ประกันภัย,กฎหมายประกันชีวิต
oic_38811,กำหนดประเภทและชนิดของเงินกองทุน รวมทั้งหลักเกณฑ์ วิธีการและเงื่อนไขในการคำนวณเงินกองทุนของบริษัทประกันชีวิต พ.ศ. 2554,[กฎหมายประกันชีวิต] 2014-02-10 กำหนดประเภทและชนิดของเงินกองทุน รวมทั้งหลักเกณฑ์ วิธีการและเงื่อนไขในการคำนวณเงินกองทุนของบริษัทประกันชีวิต พ.ศ. 2554,ประกันภัย,กฎหมายประกันชีวิต
oic_38812,กำหนดให้บริษัทประกันชีวิตเปิดทำการติดต่อกับประชาชน ประจำปี พ.ศ. 2555,[กฎหมายประกันชีวิต] 2014-02-10 กำหนดให้บริษัทประกันชีวิตเปิดทำการติดต่อกับประชาชน ประจำปี พ.ศ. 2555,ประกันภัย,กฎหมายประกันชีวิต
oic_38813,การประเมินราคาทรัพย์สินและหนี้สินของบริษัทประกันชีวิต พ.ศ. 2554,[กฎหมายประกันชีวิต] 2014-02-10 การประเมินราคาทรัพย์สินและหนี้สินของบริษัทประกันชีวิต พ.ศ. 2554,ประกันภัย,กฎหมายประกันชีวิต
oic_38814,หลักเกณฑ์ วิธีการ และเงื่อนไข ในการจัดสรรเบี้ยประกันภัยไว้เป็นเงินสำรองประกันภัย สำหรับกรมธรรม์ประกันภัยที่ยังมีความผูกพันอยู่และเงินสำรองอื่นของบริษัทประกันชีวิต,[กฎหมายประกันชีวิต] 2014-02-10 หลักเกณฑ์ วิธีการ และเงื่อนไข ในการจัดสรรเบี้ยประกันภัยไว้เป็นเงินสำรองประกันภัย สำหรับกรมธรรม์ประกันภัยที่ยังมีความผูกพันอยู่และเงินสำรองอื่นของบริษัทประกันชีวิต,ประกันภัย,กฎหมายประกันชีวิต
oic_38815,หลักเกณฑ์และเงื่อนไขในการออกใบอนุญาต และการต่ออายุใบอนุญาตให้นิติบุคคลเป็นนายหน้าประกันชีวิต พ.ศ.2554,[กฎหมายประกันชีวิต] 2014-02-10 หลักเกณฑ์และเงื่อนไขในการออกใบอนุญาต และการต่ออายุใบอนุญาตให้นิติบุคคลเป็นนายหน้าประกันชีวิต พ.ศ.2554,ประกันภัย,กฎหมายประกันชีวิต
oic_38816,ให้บริษัทประกันชีวิตยื่นรายงานเกี่ยวกับฐานะการเงินและกิจการของบริษัท พ.ศ.2555,[กฎหมายประกันชีวิต] 2014-02-10 ให้บริษัทประกันชีวิตยื่นรายงานเกี่ยวกับฐานะการเงินและกิจการของบริษัท พ.ศ.2555,ประกันภัย,กฎหมายประกันชีวิต
oic_38817,หลักเกณฑ์ วิธีการ เงื่อนไข และระยะเวลาในการจัดทำและยื่นงบการเงินและรายงานเกี่ยวกับผลการดำเนินงานของบริษัทประกันชีวิต (ฉบับที่ 3) พ.ศ.2555,[กฎหมายประกันชีวิต] 2014-02-10 หลักเกณฑ์ วิธีการ เงื่อนไข และระยะเวลาในการจัดทำและยื่นงบการเงินและรายงานเกี่ยวกับผลการดำเนินงานของบริษัทประกันชีวิต (ฉบับที่ 3) พ.ศ.2555,ประกันภัย,กฎหมายประกันชีวิต
oic_38818,แบบรายการงบดุลและงบกำไรขาดทุนของบริษัทประกันชีวิต พ.ศ.2555,[กฎหมายประกันชีวิต] 2014-02-10 แบบรายการงบดุลและงบกำไรขาดทุนของบริษัทประกันชีวิต พ.ศ.2555,ประกันภัย,กฎหมายประกันชีวิต
oic_38819,หลักเกณฑ์ วิธีการ และเงื่อนไขการวางเงินสำรองประกันภัยของบริษัทประกันชีวิต (ฉบับที่2) พ.ศ.2555,[กฎหมายประกันชีวิต] 2014-02-10 หลักเกณฑ์ วิธีการ และเงื่อนไขการวางเงินสำรองประกันภัยของบริษัทประกันชีวิต (ฉบับที่2) พ.ศ.2555,ประกันภัย,กฎหมายประกันชีวิต
oic_38820,หลักเกณฑ์ วิธีการ และเงื่อนไขการรับประกันภัยต่อของบริษัทประกันชีวิต,[กฎหมายประกันชีวิต] 2014-02-10 หลักเกณฑ์ วิธีการ และเงื่อนไขการรับประกันภัยต่อของบริษัทประกันชีวิต,ประกันภัย,กฎหมายประกันชีวิต
oic_38821,กำหนดให้บริษัทประกันชีวิตเปิดทำการติดต่อกับประชาชน ประจำปี 2556,[กฎหมายประกันชีวิต] 2014-02-10 กำหนดให้บริษัทประกันชีวิตเปิดทำการติดต่อกับประชาชน ประจำปี 2556,ประกันภัย,กฎหมายประกันชีวิต
oic_38822,กำหนดหลักเกณฑ์และเงื่อนไขในการเสนอขายกรมธรรม์ประกันภัยผ่านทางสื่อโฆษณา ตามกฎหมายว่าด้วยการประกันชีวิต พ.ศ.2556,[กฎหมายประกันชีวิต] 2014-02-10 กำหนดหลักเกณฑ์และเงื่อนไขในการเสนอขายกรมธรรม์ประกันภัยผ่านทางสื่อโฆษณา ตามกฎหมายว่าด้วยการประกันชีวิต พ.ศ.2556,ประกันภัย,กฎหมายประกันชีวิต
oic_38823,หลักเกณฑ์ วิธีการ เงื่อนไข และระยะเวลา ในการจัดทำและยื่นงบการเงินและรายงานเกี่ยวกับผลการดำเนินงานของบริษัทประกันชีวิต (ฉบับที่4) พ.ศ.2556,[กฎหมายประกันชีวิต] 2014-02-10 หลักเกณฑ์ วิธีการ เงื่อนไข และระยะเวลา ในการจัดทำและยื่นงบการเงินและรายงานเกี่ยวกับผลการดำเนินงานของบริษัทประกันชีวิต (ฉบับที่4) พ.ศ.2556,ประกันภัย,กฎหมายประกันชีวิต
oic_38824,กำหนดให้บริษัทประกันชีวิตเปิดทำการติดต่อกับประชาชน ประจำปี 2557,[กฎหมายประกันชีวิต] 2014-02-10 กำหนดให้บริษัทประกันชีวิตเปิดทำการติดต่อกับประชาชน ประจำปี 2557,ประกันภัย,กฎหมายประกันชีวิต
oic_38825,หลักเกณฑ์และวิธีการในการประกาศหรือโฆษณาการฝ่าฝืนหรือไม่ปฏิบัติตามกฎหมายว่าด้วยการประกันชีวิต พ.ศ. 2556,[กฎหมายประกันชีวิต] 2014-02-10 หลักเกณฑ์และวิธีการในการประกาศหรือโฆษณาการฝ่าฝืนหรือไม่ปฏิบัติตามกฎหมายว่าด้วยการประกันชีวิต พ.ศ. 2556,ประกันภัย,กฎหมายประกันชีวิต
oic_38826,การลงทุนประกอบธุรกิจอื่นของบริษัทประกันชีวิต พ.ศ.2556,[กฎหมายประกันชีวิต] 2014-02-10 การลงทุนประกอบธุรกิจอื่นของบริษัทประกันชีวิต พ.ศ.2556,ประกันภัย,กฎหมายประกันชีวิต
oic_38827,หลักเกณฑ์ วิธีการเสนอขาย และการปฏิบัติหน้าที่ของตัวแทนประกันชีวิต นายหน้าประกันชีวิต หรือพนักงานของบริษัทในการเสนอขายกรมธรรม์ประกันภัย 200 สำหรับรายย่อย (ไมโครอินชัวรันส์) พ.ศ. 2556,[กฎหมายประกันชีวิต] 2014-02-10 หลักเกณฑ์ วิธีการเสนอขาย และการปฏิบัติหน้าที่ของตัวแทนประกันชีวิต นายหน้าประกันชีวิต หรือพนักงานของบริษัทในการเสนอขายกรมธรรม์ประกันภัย 200 สำหรับรายย่อย (ไมโครอินชัวรันส์) พ.ศ. 2556,ประกันภัย,กฎหมายประกันชีวิต
oic_38828,หลักเกณฑ์การพิจารณาให้ความเห็นชอบอัตราเบี้ยประกันภัย,[กฎหมายประกันชีวิต] 2014-02-10 หลักเกณฑ์การพิจารณาให้ความเห็นชอบอัตราเบี้ยประกันภัย,ประกันภัย,กฎหมายประกันชีวิต
oic_38829,หลักเกณฑ์การพิจารณาให้ความเห็นชอบอัตราเบี้ยประกันภัยสำหรับกรมธรรม์ประกันภัยที่ขายไม่ผ่านตัวแทนประกันชีวิตหรือนายหน้าประกันชีวิต,[กฎหมายประกันชีวิต] 2014-02-10 หลักเกณฑ์การพิจารณาให้ความเห็นชอบอัตราเบี้ยประกันภัยสำหรับกรมธรรม์ประกันภัยที่ขายไม่ผ่านตัวแทนประกันชีวิตหรือนายหน้าประกันชีวิต,ประกันภัย,กฎหมายประกันชีวิต
oic_38830,การให้ความเห็นชอบแบบและข้อความการจ่ายผลประโยชน์ของกรมธรรม์ประกันภัยและอัตราเบี้ยประกันภัย,[กฎหมายประกันชีวิต] 2014-02-10 การให้ความเห็นชอบแบบและข้อความการจ่ายผลประโยชน์ของกรมธรรม์ประกันภัยและอัตราเบี้ยประกันภัย,ประกันภัย,กฎหมายประกันชีวิต
oic_38831,แนวทางในการควบเข้ากันหรือโอนกิจการ หรือรับโอนกิจการของบริษัทประกันชีวิต,[กฎหมายประกันชีวิต] 2014-02-10 แนวทางในการควบเข้ากันหรือโอนกิจการ หรือรับโอนกิจการของบริษัทประกันชีวิต,ประกันภัย,กฎหมายประกันชีวิต
oic_38832,การยกเลิกระเบียบการสมัครสอบความรู้เกี่ยวกับการประกันชีวิตเพื่อขอรับใบอนุญาตเป็นตัวแทนประกันชีวิตในกรณีการสอบแบบสมัครสอบพร้อม (WALKIN),[กฎหมายประกันชีวิต] 2014-02-10 การยกเลิกระเบียบการสมัครสอบความรู้เกี่ยวกับการประกันชีวิตเพื่อขอรับใบอนุญาตเป็นตัวแทนประกันชีวิตในกรณีการสอบแบบสมัครสอบพร้อม (WALKIN),ประกันภัย,กฎหมายประกันชีวิต
oic_38833,แนวทางปฏิบัติในการกำกับดูแลกิจการที่ดีของบริษัทประกันภัย,[กฎหมายประกันชีวิต] 2014-02-10 แนวทางปฏิบัติในการกำกับดูแลกิจการที่ดีของบริษัทประกันภัย,ประกันภัย,กฎหมายประกันชีวิต
oic_38834,แนวทางในการกำกับดูแลกิจการที่ดีของบริษัทประกันภัย (ฉบับที่ 2),[กฎหมายประกันชีวิต] 2014-02-10 แนวทางในการกำกับดูแลกิจการที่ดีของบริษัทประกันภัย (ฉบับที่ 2),ประกันภัย,กฎหมายประกันชีวิต
oic_38835,หลักเกณฑ์ทั่วไปเกี่ยวกับการรู้จักตัวตนลูกค้าและการตรวจสอบเพื่อทราบข้อเท็จจริงเกี่ยวกับลูกค้าเพื่อการต่อต้านการฟอกเงิน และการอุดหนุนทางการเงินแก่ผู้ก่อการร้ายในธุรกิจประกันชีวิต,[กฎหมายประกันชีวิต] 2014-02-10 หลักเกณฑ์ทั่วไปเกี่ยวกับการรู้จักตัวตนลูกค้าและการตรวจสอบเพื่อทราบข้อเท็จจริงเกี่ยวกับลูกค้าเพื่อการต่อต้านการฟอกเงิน และการอุดหนุนทางการเงินแก่ผู้ก่อการร้ายในธุรกิจประกันชีวิต,ประกันภัย,กฎหมายประกันชีวิต
oic_38836,หลักเกณฑ์การขอความเห็นชอบแบบและข้อความกรมธรรม์ประกันชีวิตและอัตราเบี้ยประกันภัยของกรมธรรม์ประกันชีวิตแบบยูนิเวอร์แซลไลฟ์ (Universal Life),[กฎหมายประกันชีวิต] 2014-02-10 หลักเกณฑ์การขอความเห็นชอบแบบและข้อความกรมธรรม์ประกันชีวิตและอัตราเบี้ยประกันภัยของกรมธรรม์ประกันชีวิตแบบยูนิเวอร์แซลไลฟ์ (Universal Life),ประกันภัย,กฎหมายประกันชีวิต
oic_38837,เรื่อง แบบการส่งเงินสมทบของบริษัทประกันชีวิต และการขอนำเงินสมทบส่วนที่เกินไปจ่ายเป็นเงิน สมทบสำหรับรอบสามเดือนต่อๆ ไป,[กฎหมายประกันชีวิต] 2014-02-10 เรื่อง แบบการส่งเงินสมทบของบริษัทประกันชีวิต และการขอนำเงินสมทบส่วนที่เกินไปจ่ายเป็นเงิน สมทบสำหรับรอบสามเดือนต่อๆ ไป,ประกันภัย,กฎหมายประกันชีวิต
oic_38838,หลักเกณฑ์ วิธีการ และเงื่อนไข ในการขึ้นทะเบียนเป็นตัวแทน และนายหน้าขายกรมธรรม์ประกันชีวิตแบบยูนิเวอร์แซลไลซ์ (Universal Life Insurance) พ.ศ.2552,[กฎหมายประกันชีวิต] 2014-02-10 หลักเกณฑ์ วิธีการ และเงื่อนไข ในการขึ้นทะเบียนเป็นตัวแทน และนายหน้าขายกรมธรรม์ประกันชีวิตแบบยูนิเวอร์แซลไลซ์ (Universal Life Insurance) พ.ศ.2552,ประกันภัย,กฎหมายประกันชีวิต
oic_38839,กำหนดหลักสูตรและวิธีการ การอบรมความรู้เกี่ยวกับการประกันชีวิต สำหรับผุ้ขอและขอต่ออายุใบอนุญาตเป็นตัวแทนประกันชีวิตและนายหน้าประกันชีวิต,[กฎหมายประกันชีวิต] 2014-02-10 กำหนดหลักสูตรและวิธีการ การอบรมความรู้เกี่ยวกับการประกันชีวิต สำหรับผุ้ขอและขอต่ออายุใบอนุญาตเป็นตัวแทนประกันชีวิตและนายหน้าประกันชีวิต,ประกันภัย,กฎหมายประกันชีวิต
oic_38840,กำหนดหลักสูตร และวิธีการอบรมความรู้เกี่ยวกับการประกันชีวิต สำหรับผู้ขอรับ หรืออขอต่อใบอนุญาต เป็นตัวแทนประกันชีวิตสำหรับการประกันภัยรายย่อย พ.ศ.2553,[กฎหมายประกันชีวิต] 2014-02-10 กำหนดหลักสูตร และวิธีการอบรมความรู้เกี่ยวกับการประกันชีวิต สำหรับผู้ขอรับ หรืออขอต่อใบอนุญาต เป็นตัวแทนประกันชีวิตสำหรับการประกันภัยรายย่อย พ.ศ.2553,ประกันภัย,กฎหมายประกันชีวิต
oic_38841,ขยายระยะเวลาการจัดทำและยื่นงบการเงินและรายงานเกี่ยวกับผลการดำเนินงานของบริษัทประกันชีวิต พ.ศ.2553,[กฎหมายประกันชีวิต] 2014-02-10 ขยายระยะเวลาการจัดทำและยื่นงบการเงินและรายงานเกี่ยวกับผลการดำเนินงานของบริษัทประกันชีวิต พ.ศ.2553,ประกันภัย,กฎหมายประกันชีวิต
oic_38842,ขยายระยะเวลาการจัดทำและยื่นงบการเงินและรายการเกี่ยวกับผลการดำเนินงานของบริษัทประกันชีวิต,[กฎหมายประกันชีวิต] 2014-02-10 ขยายระยะเวลาการจัดทำและยื่นงบการเงินและรายการเกี่ยวกับผลการดำเนินงานของบริษัทประกันชีวิต,ประกันภัย,กฎหมายประกันชีวิต
oic_38843,การขอขยายเวลาในการยื่นคำขอต่อใบอนุญาตเป็นตัวแทนประกันชีวิต ตัวแทนประกันวินาศภัย นายหน้าประกันชีวิตและนายหน้าประกันวินาศภัย เนื่องจากเหตุอุทกภัยครั้งใหญ่ พ.ศ.2554,[กฎหมายประกันชีวิต] 2014-02-10 การขอขยายเวลาในการยื่นคำขอต่อใบอนุญาตเป็นตัวแทนประกันชีวิต ตัวแทนประกันวินาศภัย นายหน้าประกันชีวิตและนายหน้าประกันวินาศภัย เนื่องจากเหตุอุทกภัยครั้งใหญ่ พ.ศ.2554,ประกันภัย,กฎหมายประกันชีวิต
oic_38844,แนวทางการปฏิบัติในการใช้บริการจากบุคคลภายนอกของบริษัทประกันภัย,[กฎหมายประกันชีวิต] 2014-02-10 แนวทางการปฏิบัติในการใช้บริการจากบุคคลภายนอกของบริษัทประกันภัย,ประกันภัย,กฎหมายประกันชีวิต
oic_38845,กำหนดหลักสูตรและวิธีการ การอบรมความรู้เกี่ยวกับการประกันชีวิต สำหรับผู้ขอรับและขอต่ออายุใบอนุญาตเป็นตัวแทนประกันชีวิต และนายหน้าประกันชีวิต พ.ศ. 2556,[กฎหมายประกันชีวิต] 2014-02-10 กำหนดหลักสูตรและวิธีการ การอบรมความรู้เกี่ยวกับการประกันชีวิต สำหรับผู้ขอรับและขอต่ออายุใบอนุญาตเป็นตัวแทนประกันชีวิต และนายหน้าประกันชีวิต พ.ศ. 2556,ประกันภัย,กฎหมายประกันชีวิต
oic_38846,หลักเกณฑ์ วิธีการ และอัตราเงินสมทบที่บริษัทประกันวินาศภัย บริษัทประกันชีวิตต้องนำส่งให้แก่สำนักงานคณะกรรมการกำกับและส่งเสริมการประกอบธุรกิจประกันภัย (ฉบับที่ 2) พ.ศ. 2556,[กฎหมายประกันชีวิต] 2014-02-10 หลักเกณฑ์ วิธีการ และอัตราเงินสมทบที่บริษัทประกันวินาศภัย บริษัทประกันชีวิตต้องนำส่งให้แก่สำนักงานคณะกรรมการกำกับและส่งเสริมการประกอบธุรกิจประกันภัย (ฉบับที่ 2) พ.ศ. 2556,ประกันภัย,กฎหมายประกันชีวิต
oic_38847,กำหนดกรณ๊ที่ถือว่ากรรมการ ผู้จัดการ บุคคลซึ่งมีอำนาจกระทำการแทนบริษัทประกันชีวิตหรือที่ปรึกษาของบริษัทประกันชีวิต มีประวัติเสียหายหรือดำเนินกิจการใดที่มีลักษณะที่แสดงถึงการขาดความรับผิดชอบหรือความรอบค,[กฎหมายประกันชีวิต] 2014-02-10 กำหนดกรณ๊ที่ถือว่ากรรมการ ผู้จัดการ บุคคลซึ่งมีอำนาจกระทำการแทนบริษัทประกันชีวิตหรือที่ปรึกษาของบริษัทประกันชีวิต มีประวัติเสียหายหรือดำเนินกิจการใดที่มีลักษณะที่แสดงถึงการขาดความรับผิดชอบหรือความรอบค,ประกันภัย,กฎหมายประกันชีวิต
oic_38848,ระเบียบปฏิบัติเกี่ยวกับการวางหลักทรัพย์ประกันและการขอคืนหลักทรัพย์ประกันของบริษัทประกันชีวิต,[กฎหมายประกันชีวิต] 2014-02-10 ระเบียบปฏิบัติเกี่ยวกับการวางหลักทรัพย์ประกันและการขอคืนหลักทรัพย์ประกันของบริษัทประกันชีวิต,ประกันภัย,กฎหมายประกันชีวิต
oic_38849,การกำหนดอัตราเงินค่าเวรคืนกรมธรรม์ประกันภัยและเงื่อนไขการจ่ายเงิน,[กฎหมายประกันชีวิต] 2014-02-10 การกำหนดอัตราเงินค่าเวรคืนกรมธรรม์ประกันภัยและเงื่อนไขการจ่ายเงิน,ประกันภัย,กฎหมายประกันชีวิต
oic_38850,หลักเกณฑ์ วิธีการ และเงื่อนไขการให้ความเห็นชอบนิติบุคคลเป็นผู้ประเมินราคาอสังหาริมทรัพย์,[กฎหมายประกันชีวิต] 2014-02-10 หลักเกณฑ์ วิธีการ และเงื่อนไขการให้ความเห็นชอบนิติบุคคลเป็นผู้ประเมินราคาอสังหาริมทรัพย์,ประกันภัย,กฎหมายประกันชีวิต
oic_38851,หลักเกณฑ์ วิธีการ และเงื่อนไขการกำหนดระเบียบวิธีปฏิบัติการลงทุนประกอบธุรกิจอื่นและระบบการตรวจสอบและควบคุมภายในของบริษัทประกันชีวิต,[กฎหมายประกันชีวิต] 2014-02-10 หลักเกณฑ์ วิธีการ และเงื่อนไขการกำหนดระเบียบวิธีปฏิบัติการลงทุนประกอบธุรกิจอื่นและระบบการตรวจสอบและควบคุมภายในของบริษัทประกันชีวิต,ประกันภัย,กฎหมายประกันชีวิต
oic_38852,หลักเกณฑ์ วิธีการ และเงื่อนไขการให้ผู้สอบบัญชีประเมินระบบการควบคุมภายใน และระเบียบวิธีปฏิบัติการลงทุนประกอบธุรกิจอื่นของบริษัทประกันชีวิต,[กฎหมายประกันชีวิต] 2014-02-10 หลักเกณฑ์ วิธีการ และเงื่อนไขการให้ผู้สอบบัญชีประเมินระบบการควบคุมภายใน และระเบียบวิธีปฏิบัติการลงทุนประกอบธุรกิจอื่นของบริษัทประกันชีวิต,ประกันภัย,กฎหมายประกันชีวิต
oic_38853,กำหนดรายชื่อรัฐวิสาหกิจที่เป็นบริษัทจำกัด (ฉบับที่ 2),[กฎหมายประกันชีวิต] 2014-02-10 กำหนดรายชื่อรัฐวิสาหกิจที่เป็นบริษัทจำกัด (ฉบับที่ 2),ประกันภัย,กฎหมายประกันชีวิต
oic_38854,การกำหนดอัตราเงินค่าเวนคืนกรมธรรม์ประกันภัยและเงื่อนไขการจ่ายเงิน,[กฎหมายประกันชีวิต] 2014-02-10 การกำหนดอัตราเงินค่าเวนคืนกรมธรรม์ประกันภัยและเงื่อนไขการจ่ายเงิน,ประกันภัย,กฎหมายประกันชีวิต
oic_38855,ระเบียบปฏิบัติเกี่ยวกับการวางและการขอคืนเงินสำรองประกันภัย,[กฎหมายประกันชีวิต] 2014-02-10 ระเบียบปฏิบัติเกี่ยวกับการวางและการขอคืนเงินสำรองประกันภัย,ประกันภัย,กฎหมายประกันชีวิต
oic_38856,หลักเกณฑ์ วิธีการ และเงื่อนไขการเป็นตัวแทนสนับสนุนการขายหรือรับซื้อคืนหน่วยลงทุน,[กฎหมายประกันชีวิต] 2014-02-10 หลักเกณฑ์ วิธีการ และเงื่อนไขการเป็นตัวแทนสนับสนุนการขายหรือรับซื้อคืนหน่วยลงทุน,ประกันภัย,กฎหมายประกันชีวิต
oic_38857,กำหนดแบบและรายการสมุดทะเบียนโครงการประกันภัยอุบัติเหตุเอื้ออาทร,[กฎหมายประกันชีวิต] 2014-02-10 กำหนดแบบและรายการสมุดทะเบียนโครงการประกันภัยอุบัติเหตุเอื้ออาทร,ประกันภัย,กฎหมายประกันชีวิต
oic_38858,หลักเกณฑ์ วิธีการ เงื่อนไขการให้ความเห็นชอบเป็นผู้สอบบัญชีรับอนุญาตของบริษัทประกันภัย,[กฎหมายประกันชีวิต] 2014-02-10 หลักเกณฑ์ วิธีการ เงื่อนไขการให้ความเห็นชอบเป็นผู้สอบบัญชีรับอนุญาตของบริษัทประกันภัย,ประกันภัย,กฎหมายประกันชีวิต
oic_38859,หลักเกณฑ์ การให้ความเห็นชอบแบบและข้อความกรมธรรม์ประกันชีวิต และอัตราเบี้ยประกันภัยของกรมธรรม์ประกันภัยแบบยูนิเวอร์แซลไลฟ์ (Universal Life),[กฎหมายประกันชีวิต] 2014-02-10 หลักเกณฑ์ การให้ความเห็นชอบแบบและข้อความกรมธรรม์ประกันชีวิต และอัตราเบี้ยประกันภัยของกรมธรรม์ประกันภัยแบบยูนิเวอร์แซลไลฟ์ (Universal Life),ประกันภัย,กฎหมายประกันชีวิต
oic_38860,การประเมินราคาทรัพย์สินและหนี้สินของบริษัทประกันชีวิต (ฉบับที่ 3),[กฎหมายประกันชีวิต] 2014-02-10 การประเมินราคาทรัพย์สินและหนี้สินของบริษัทประกันชีวิต (ฉบับที่ 3),ประกันภัย,กฎหมายประกันชีวิต
oic_38861,หลักเกณฑ์ วิธีการ และเงื่อนไขการซื้อหุ้นของบริษัทที่ได้รับใบอนุญาตประกอบ ธุรกิจหลักทรัพย์ประเภทจัดการกองทุนรวมของบริษัทประกันชีวิตเกินกว่าจำนวนที่กำหนด,[กฎหมายประกันชีวิต] 2014-02-11 หลักเกณฑ์ วิธีการ และเงื่อนไขการซื้อหุ้นของบริษัทที่ได้รับใบอนุญาตประกอบ ธุรกิจหลักทรัพย์ประเภทจัดการกองทุนรวมของบริษัทประกันชีวิตเกินกว่าจำนวนที่กำหนด,ประกันภัย,กฎหมายประกันชีวิต
oic_38862,กำหนดแบบและรายงานประจำปีแสดงฐานะการเงินและกิจการของบริษัทประกันชีวิต (ฉบับที่ 2),[กฎหมายประกันชีวิต] 2014-02-11 กำหนดแบบและรายงานประจำปีแสดงฐานะการเงินและกิจการของบริษัทประกันชีวิต (ฉบับที่ 2),ประกันภัย,กฎหมายประกันชีวิต
oic_38863,เรื่อง หลักเกณฑ์ วิธีการ และเงื่อนไข ในการขอรับความเห็นชอบเป็นตัวแทนขายกรมธรรม์ประกันภัยแบบยูนิเวอร์แซลไลฟ์,[กฎหมายประกันชีวิต] 2014-02-11 เรื่อง หลักเกณฑ์ วิธีการ และเงื่อนไข ในการขอรับความเห็นชอบเป็นตัวแทนขายกรมธรรม์ประกันภัยแบบยูนิเวอร์แซลไลฟ์,ประกันภัย,กฎหมายประกันชีวิต
oic_38864,แบบรายการย่อแสดงสินทรัพย์และหนี้สินของบริษัทประกันชีวิต,[กฎหมายประกันชีวิต] 2014-02-11 แบบรายการย่อแสดงสินทรัพย์และหนี้สินของบริษัทประกันชีวิต,ประกันภัย,กฎหมายประกันชีวิต
oic_38865,แบบงบการเงินระหว่างกาลของบริษัทประกันชีวิต,[กฎหมายประกันชีวิต] 2014-02-11 แบบงบการเงินระหว่างกาลของบริษัทประกันชีวิต,ประกันภัย,กฎหมายประกันชีวิต
oic_38866,หลักเกณฑ์ วิธีการ และเงื่อนไขการเป็นนายหน้าซื้อขายหลักทรัพย์ การค้าหลักทรัพย์และการจัดจำหน่ายหลักทรัพย์ที่จำกัดเฉพาะหน่วยลงทุนตามกฎหมายว่าด้วยหลักทรัพย์และตลาดหลักทรัพย์,[กฎหมายประกันชีวิต] 2014-02-11 หลักเกณฑ์ วิธีการ และเงื่อนไขการเป็นนายหน้าซื้อขายหลักทรัพย์ การค้าหลักทรัพย์และการจัดจำหน่ายหลักทรัพย์ที่จำกัดเฉพาะหน่วยลงทุนตามกฎหมายว่าด้วยหลักทรัพย์และตลาดหลักทรัพย์,ประกันภัย,กฎหมายประกันชีวิต
oic_38867,การกำหนดรายชื่อรัฐวิสาหกิจที่เป็นบริษัทจำกัด,[กฎหมายประกันชีวิต] 2014-02-11 การกำหนดรายชื่อรัฐวิสาหกิจที่เป็นบริษัทจำกัด,ประกันภัย,กฎหมายประกันชีวิต
oic_38868,การกำหนดรายชื่อรัฐวิสาหกิจที่เป็นบริษัทจำกัด,[กฎหมายประกันชีวิต] 2014-02-11 การกำหนดรายชื่อรัฐวิสาหกิจที่เป็นบริษัทจำกัด,ประกันภัย,กฎหมายประกันชีวิต
oic_38869,ยกเลิกหลักเกณฑ์การให้ความเห็นชอบแบบและข้อความกรมธรรม์ประกันชีวิตและอัตราเบี้ยประกันภัยของกรมธรรม์ประกันชีวิตแบบยูนิเวอร์แซลไลฟ์ (Universal Life),[กฎหมายประกันชีวิต] 2014-02-11 ยกเลิกหลักเกณฑ์การให้ความเห็นชอบแบบและข้อความกรมธรรม์ประกันชีวิตและอัตราเบี้ยประกันภัยของกรมธรรม์ประกันชีวิตแบบยูนิเวอร์แซลไลฟ์ (Universal Life),ประกันภัย,กฎหมายประกันชีวิต
oic_38870,หลักเกณฑ์ วิธีการ และเงื่อนไขการให้ความเห็นชอบการลงทุนในอสังหาริมทรัพย์ ของบริษัทประกันชีวิต,[กฎหมายประกันชีวิต] 2014-02-11 หลักเกณฑ์ วิธีการ และเงื่อนไขการให้ความเห็นชอบการลงทุนในอสังหาริมทรัพย์ ของบริษัทประกันชีวิต,ประกันภัย,กฎหมายประกันชีวิต
oic_38871,การสั่งให้บริษัทแก้ไขสถานะหรือการดำเนินการ,[กฎหมายประกันชีวิต] 2014-02-11 การสั่งให้บริษัทแก้ไขสถานะหรือการดำเนินการ,ประกันภัย,กฎหมายประกันชีวิต
oic_38872,กำหนดหลักสูตร วิชา การปฏิบัติงานด้านคณิตศาสตร์ประกันภัยฯ,[กฎหมายประกันชีวิต] 2014-02-11 กำหนดหลักสูตร วิชา การปฏิบัติงานด้านคณิตศาสตร์ประกันภัยฯ,ประกันภัย,กฎหมายประกันชีวิต
oic_38873,กำหนดแบบคำขอรับใบอนุญาต คำขอต่ออายุใบอนุญาต และใบอนุญาตเป็น นักคณิตศาสตร์ประกันภัย,[กฎหมายประกันชีวิต] 2014-02-11 กำหนดแบบคำขอรับใบอนุญาต คำขอต่ออายุใบอนุญาต และใบอนุญาตเป็น นักคณิตศาสตร์ประกันภัย,ประกันภัย,กฎหมายประกันชีวิต
oic_38874,กำหนดแบบคำขอรับใบอนุญาต คำขอต่ออายุใบอนุญาต และใบอนุญาตเป็น นักคณิตศาสตร์ประกันภัย,[กฎหมายประกันชีวิต] 2014-02-11 กำหนดแบบคำขอรับใบอนุญาต คำขอต่ออายุใบอนุญาต และใบอนุญาตเป็น นักคณิตศาสตร์ประกันภัย,ประกันภัย,กฎหมายประกันชีวิต
oic_38875,กำหนดแบบคำขอใบอนุญาตเปิดสาขา ย้ายที่ตั้งสำนักงานใหญ่ หรือสำนักงานสาขา หรือยกเลิกสาขาของบริษัทประกันชีวิต พ.ศ. 2551,[กฎหมายประกันชีวิต] 2014-02-11 กำหนดแบบคำขอใบอนุญาตเปิดสาขา ย้ายที่ตั้งสำนักงานใหญ่ หรือสำนักงานสาขา หรือยกเลิกสาขาของบริษัทประกันชีวิต พ.ศ. 2551,ประกันภัย,กฎหมายประกันชีวิต
oic_38876,กำหนดแบบคำขอรับใบอนุญาต ใบอนุญาต และเอกสารเกี่ยวกับการประกันตัวแทน ประกันชีวิตหรือนายหน้าประกันชีวิต,[กฎหมายประกันชีวิต] 2014-02-11 กำหนดแบบคำขอรับใบอนุญาต ใบอนุญาต และเอกสารเกี่ยวกับการประกันตัวแทน ประกันชีวิตหรือนายหน้าประกันชีวิต,ประกันภัย,กฎหมายประกันชีวิต
oic_38877,หลักเกณฑ์ วิธีการ และเงื่อนไข ในการขึ้นทะเบียน เป็นตัวแทนและนายหน้าประกันชีวิตขายกรมธรรม์ประกันชีวิตควบการลงทุน Unit-Linked Life Policy,[กฎหมายประกันชีวิต] 2014-02-11 หลักเกณฑ์ วิธีการ และเงื่อนไข ในการขึ้นทะเบียน เป็นตัวแทนและนายหน้าประกันชีวิตขายกรมธรรม์ประกันชีวิตควบการลงทุน Unit-Linked Life Policy,ประกันภัย,กฎหมายประกันชีวิต
oic_38878,หลักเกณฑ์ วิธีการ และเงื่อนไข ในการขึ้นทะเบียน เป็นตัวแทนและนายหน้าประกันชีวิตขายกรมธรรม์ประกันชีวิตควบการลงทุน Unit-Linked Life Policy,[กฎหมายประกันชีวิต] 2014-02-11 หลักเกณฑ์ วิธีการ และเงื่อนไข ในการขึ้นทะเบียน เป็นตัวแทนและนายหน้าประกันชีวิตขายกรมธรรม์ประกันชีวิตควบการลงทุน Unit-Linked Life Policy,ประกันภัย,กฎหมายประกันชีวิต
oic_38879,หลักเกณฑ์การให้ความเห็นชอบแบบและข้อความการจ่ายผลประโยชน์ตามกรมธรรม์ประกันภัย และอัตราเบี้ยประกันภัย พ.ศ. 2552,[กฎหมายประกันชีวิต] 2014-02-11 หลักเกณฑ์การให้ความเห็นชอบแบบและข้อความการจ่ายผลประโยชน์ตามกรมธรรม์ประกันภัย และอัตราเบี้ยประกันภัย พ.ศ. 2552,ประกันภัย,กฎหมายประกันชีวิต
oic_38880,การคำนวณอัตราเบี้ยประกันภัยและมูลค่าต่างๆ ตามกรมธรรม์ประกันภัย สำหรับกรมธรรม์ประกันภัยแบบบำนาญ พ.ศ. 2552,[กฎหมายประกันชีวิต] 2014-02-11 การคำนวณอัตราเบี้ยประกันภัยและมูลค่าต่างๆ ตามกรมธรรม์ประกันภัย สำหรับกรมธรรม์ประกันภัยแบบบำนาญ พ.ศ. 2552,ประกันภัย,กฎหมายประกันชีวิต
oic_38881,การสมัครสอบ การจัดสอบและระเบียบการสอบเพื่อขอรับใบอนุญาตเป็นตัวแทนประกันชีวิต และนายหน้าประกันชีวิต พ.ศ. 2552,[กฎหมายประกันชีวิต] 2014-02-11 การสมัครสอบ การจัดสอบและระเบียบการสอบเพื่อขอรับใบอนุญาตเป็นตัวแทนประกันชีวิต และนายหน้าประกันชีวิต พ.ศ. 2552,ประกันภัย,กฎหมายประกันชีวิต
oic_38882,การเพิ่มความเสี่ยงในการลงทุนประกอบธุรกิจอื่นของบริษัทประกันชีวิต พ.ศ. 2552,[กฎหมายประกันชีวิต] 2014-02-11 การเพิ่มความเสี่ยงในการลงทุนประกอบธุรกิจอื่นของบริษัทประกันชีวิต พ.ศ. 2552,ประกันภัย,กฎหมายประกันชีวิต
oic_38883,หลักเกณฑ์ วิธีการออกหุ้นบุริมสิทธิของบริษัทประกันชีวิต พ.ศ.2552,[กฎหมายประกันชีวิต] 2014-02-11 หลักเกณฑ์ วิธีการออกหุ้นบุริมสิทธิของบริษัทประกันชีวิต พ.ศ.2552,ประกันภัย,กฎหมายประกันชีวิต
oic_38884,หลักเกณฑ์การให้ความเห็นชอบแบบและข้อความกรมกรรม์ประกันภัย และอัตราเบี้ยประกันภัย สำหรับการประกันชีวิตแบบบำนาญ พ.ศ.2552,[กฎหมายประกันชีวิต] 2014-02-11 หลักเกณฑ์การให้ความเห็นชอบแบบและข้อความกรมกรรม์ประกันภัย และอัตราเบี้ยประกันภัย สำหรับการประกันชีวิตแบบบำนาญ พ.ศ.2552,ประกันภัย,กฎหมายประกันชีวิต
oic_38885,กำหนดแบบคำขอรับใบอนุญาต ใบอนุญาตและเอกสารเกี่ยวกับการเป็นตัวแทนประกันชีวิต สำหรับการประกันภัยรายย่อย พ.ศ.2553,[กฎหมายประกันชีวิต] 2014-02-11 กำหนดแบบคำขอรับใบอนุญาต ใบอนุญาตและเอกสารเกี่ยวกับการเป็นตัวแทนประกันชีวิต สำหรับการประกันภัยรายย่อย พ.ศ.2553,ประกันภัย,กฎหมายประกันชีวิต
oic_38886,การสมัครสอบ การจัดสอบ การประกาศผลสอบ การสอบความรู้และระเบียบการสอบ เพื่อขอรับใบอนุญาตเป็นตัวแทนประกันชีวิตสำหรับการประกันรายย่อย พ.ศ.2553,[กฎหมายประกันชีวิต] 2014-02-11 การสมัครสอบ การจัดสอบ การประกาศผลสอบ การสอบความรู้และระเบียบการสอบ เพื่อขอรับใบอนุญาตเป็นตัวแทนประกันชีวิตสำหรับการประกันรายย่อย พ.ศ.2553,ประกันภัย,กฎหมายประกันชีวิต
oic_38887,หลักเกณฑ์ วิธีการ และเงื่อนไขการให้ความเห็นชอบเป็นผู้สอบบัญชีรับอนุญาตของบริษัทประกันชีวิต พ.ศ. 2553,[กฎหมายประกันชีวิต] 2014-02-11 หลักเกณฑ์ วิธีการ และเงื่อนไขการให้ความเห็นชอบเป็นผู้สอบบัญชีรับอนุญาตของบริษัทประกันชีวิต พ.ศ. 2553,ประกันภัย,กฎหมายประกันชีวิต
oic_38888,กำหนดรายงานและระยะเวลาในการรายงานผลการตรวจสอบทะเบียนผู้ถือหุ้นของบริษัทประกันชีวิต,[กฎหมายประกันชีวิต] 2014-02-11 กำหนดรายงานและระยะเวลาในการรายงานผลการตรวจสอบทะเบียนผู้ถือหุ้นของบริษัทประกันชีวิต,ประกันภัย,กฎหมายประกันชีวิต
oic_38889,หลักเกณฑ์การให้ความเห็นชอบแบบและข้อความการจ่ายผลประโยชน์ตามกรมธรรม์ประกันภัยและอัตราเบี้ยประกันภัย ของกรมธรรม์ประกันชีวิต ที่ชำระเบี้ยประกันภัยครั้งเดียว พ.ศ.2554,[กฎหมายประกันชีวิต] 2014-02-11 หลักเกณฑ์การให้ความเห็นชอบแบบและข้อความการจ่ายผลประโยชน์ตามกรมธรรม์ประกันภัยและอัตราเบี้ยประกันภัย ของกรมธรรม์ประกันชีวิต ที่ชำระเบี้ยประกันภัยครั้งเดียว พ.ศ.2554,ประกันภัย,กฎหมายประกันชีวิต
oic_38890,การใช้ตารางมรณะไทย 2551 พ.ศ.2554,[กฎหมายประกันชีวิต] 2014-02-11 การใช้ตารางมรณะไทย 2551 พ.ศ.2554,ประกันภัย,กฎหมายประกันชีวิต
oic_38893,หลักเกณฑ์การให้ความเห็นชอบแบบและข้อความการจ่ายผลประโยชน์ตามกรมธรรม์ประกันภัยและอัตราเบี้ยประกันภัย ของกรมธรรม์ประกันชีวิต ที่ชำระเบี้ยประกันภัยรายงวด พ.ศ.2554,[กฎหมายประกันชีวิต] 2014-02-11 หลักเกณฑ์การให้ความเห็นชอบแบบและข้อความการจ่ายผลประโยชน์ตามกรมธรรม์ประกันภัยและอัตราเบี้ยประกันภัย ของกรมธรรม์ประกันชีวิต ที่ชำระเบี้ยประกันภัยรายงวด พ.ศ.2554,ประกันภัย,กฎหมายประกันชีวิต
oic_38891,กำหนดหลักสูตร วิชา การปฏิบัติด้านคณิตศาสตร์ประกันภัยของผู้ขอรับใบอนุญาตเป็นนักคณิตศาสตร์ประกันภัย และรายชื่อสมาคมคณิตศาสตร์ประกันภัย ตามกฎหมายว่าด้วยการประกันชีวิต พ.ศ. 2554,[กฎหมายประกันชีวิต] 2014-02-11 กำหนดหลักสูตร วิชา การปฏิบัติด้านคณิตศาสตร์ประกันภัยของผู้ขอรับใบอนุญาตเป็นนักคณิตศาสตร์ประกันภัย และรายชื่อสมาคมคณิตศาสตร์ประกันภัย ตามกฎหมายว่าด้วยการประกันชีวิต พ.ศ. 2554,ประกันภัย,กฎหมายประกันชีวิต
oic_38892,กำหนดแบบคำขอรับใบอนุญาต ใบอนุญาต และเอกสารเกี่ยวกับการเป็นตัวแทนประกันชีวิต ตัวแทนประกันชีวิตสำหรับการประกันภัยรายย่อยหรือนายหน้าประกันชีวิต พ.ศ. 2554,[กฎหมายประกันชีวิต] 2014-02-11 กำหนดแบบคำขอรับใบอนุญาต ใบอนุญาต และเอกสารเกี่ยวกับการเป็นตัวแทนประกันชีวิต ตัวแทนประกันชีวิตสำหรับการประกันภัยรายย่อยหรือนายหน้าประกันชีวิต พ.ศ. 2554,ประกันภัย,กฎหมายประกันชีวิต
oic_38894,หลักเกณฑ์การให้ความเห็นชอบแบบและข้อความการจ่ายผลประโยชน์ตามสัญญาตะกาฟุล แอตราเงินสมทบของแบบสะสมทรัพย์และแบบชั่วระยะเวลา สำหรับรายย่อย (ไมโครตะกาฟุล) พ.ศ. 2554,[กฎหมายประกันชีวิต] 2014-02-11 หลักเกณฑ์การให้ความเห็นชอบแบบและข้อความการจ่ายผลประโยชน์ตามสัญญาตะกาฟุล แอตราเงินสมทบของแบบสะสมทรัพย์และแบบชั่วระยะเวลา สำหรับรายย่อย (ไมโครตะกาฟุล) พ.ศ. 2554,ประกันภัย,กฎหมายประกันชีวิต
oic_38895,หลักเกณฑ์การให้ความเห็นชอบแบบและข้อความการจ่ายผลประโยชน์ตามสัญญาตะกาฟุล แอตราเงินสมทบของแบบสะสมทรัพย์และแบบชั่วระยะเวลา สำหรับรายย่อย (ไมโครตะกาฟุล) พ.ศ. 2554,[กฎหมายประกันชีวิต] 2014-02-11 หลักเกณฑ์การให้ความเห็นชอบแบบและข้อความการจ่ายผลประโยชน์ตามสัญญาตะกาฟุล แอตราเงินสมทบของแบบสะสมทรัพย์และแบบชั่วระยะเวลา สำหรับรายย่อย (ไมโครตะกาฟุล) พ.ศ. 2554,ประกันภัย,กฎหมายประกันชีวิต
oic_38896,กำหนดหลักเกณฑ์ วิธีการ และเงื่อนไข ในการจัดทำรายงานการดำรงเงินกองทุนของบริษัทประกันชีวิต พ.ศ.2554,[กฎหมายประกันชีวิต] 2014-02-11 กำหนดหลักเกณฑ์ วิธีการ และเงื่อนไข ในการจัดทำรายงานการดำรงเงินกองทุนของบริษัทประกันชีวิต พ.ศ.2554,ประกันภัย,กฎหมายประกันชีวิต
oic_38897,กำหนดหลักเกณฑ์ วิธีการ และเงื่อนไข ในการจัดทำรายงานการดำรงเงินกองทุนของบริษัทประกันชีวิต พ.ศ.2554,[กฎหมายประกันชีวิต] 2014-02-11 กำหนดหลักเกณฑ์ วิธีการ และเงื่อนไข ในการจัดทำรายงานการดำรงเงินกองทุนของบริษัทประกันชีวิต พ.ศ.2554,ประกันภัย,กฎหมายประกันชีวิต
oic_38898,หลักเกณฑ์และเงื่อนไขการซื้อหุ้นของบริษัทจำกัดที่ได้รับใอนุญาตประกอบธุรกิจหลักทรัพย์ประเภทจัดการกองทุนเกินกว่าจำนวนที่กำหนดของบริษัทประกันชีวิต พ.ศ.2554,[กฎหมายประกันชีวิต] 2014-02-11 หลักเกณฑ์และเงื่อนไขการซื้อหุ้นของบริษัทจำกัดที่ได้รับใอนุญาตประกอบธุรกิจหลักทรัพย์ประเภทจัดการกองทุนเกินกว่าจำนวนที่กำหนดของบริษัทประกันชีวิต พ.ศ.2554,ประกันภัย,กฎหมายประกันชีวิต
oic_38899,กำหนดแบบคำขอรับใบอนุญาต คำขอต่ออายุใบอนุญาตและแบบใบอนุญาตเป็นนักคณิตศาสตร์ประกันภัย ตามกฎหมายว่าด้วยการประกันชีวิต พ.ศ. 2554,[กฎหมายประกันชีวิต] 2014-02-11 กำหนดแบบคำขอรับใบอนุญาต คำขอต่ออายุใบอนุญาตและแบบใบอนุญาตเป็นนักคณิตศาสตร์ประกันภัย ตามกฎหมายว่าด้วยการประกันชีวิต พ.ศ. 2554,ประกันภัย,กฎหมายประกันชีวิต
oic_38900,การจัดทำรายงานการดำรงเงินกองทุนของบริษัทประกันชีวิต (ฉบับที่ 2) พ.ศ.2534,[กฎหมายประกันชีวิต] 2014-02-11 การจัดทำรายงานการดำรงเงินกองทุนของบริษัทประกันชีวิต (ฉบับที่ 2) พ.ศ.2534,ประกันภัย,กฎหมายประกันชีวิต
oic_38901,กำหนดแบบคำขอรับใบอนุญาต ใบอนุญาต และเอกสารเกี่ยวกับการเป็นตัวแทนประกันชีวิต ตัวแทนประกันชิวิตรายย่อย หรือนายหน้าประกันชีวิต(ฉบับที่2) พ.ศ.2555,[กฎหมายประกันชีวิต] 2014-02-11 กำหนดแบบคำขอรับใบอนุญาต ใบอนุญาต และเอกสารเกี่ยวกับการเป็นตัวแทนประกันชีวิต ตัวแทนประกันชิวิตรายย่อย หรือนายหน้าประกันชีวิต(ฉบับที่2) พ.ศ.2555,ประกันภัย,กฎหมายประกันชีวิต
oic_38902,หลักเกณฑ์การให้ความเห็นชอบแบบและข้อความการจ่ายผลประโยชน์ตามกรมธรรม์ประกันภัยและอัตราเบี้ยประกันภัย ของกรมธรรม์ประกันชีวิต แบบคุ้มครองสินเชื่อ ที่มีระยะเวลาเอาประกันภัย 1 ปี พ.ศ. 2556,[กฎหมายประกันชีวิต] 2014-02-11 หลักเกณฑ์การให้ความเห็นชอบแบบและข้อความการจ่ายผลประโยชน์ตามกรมธรรม์ประกันภัยและอัตราเบี้ยประกันภัย ของกรมธรรม์ประกันชีวิต แบบคุ้มครองสินเชื่อ ที่มีระยะเวลาเอาประกันภัย 1 ปี พ.ศ. 2556,ประกันภัย,กฎหมายประกันชีวิต
oic_38903,หลักเกณฑ์การให้ความเห็นชอบแบบและข้อความการจ่ายผลประโยชน์ตามสัญญาตะกาฟุลและอัตราเงินสมทบตะกาฟุลที่ชำระเงินสมทบตะกาฟุลครั้งเดียว พ.ศ.2557,[กฎหมายประกันชีวิต] 2014-02-11 หลักเกณฑ์การให้ความเห็นชอบแบบและข้อความการจ่ายผลประโยชน์ตามสัญญาตะกาฟุลและอัตราเงินสมทบตะกาฟุลที่ชำระเงินสมทบตะกาฟุลครั้งเดียว พ.ศ.2557,ประกันภัย,กฎหมายประกันชีวิต
oic_38904,หลักเกณฑ์การให้ความเห็นชอบแบบและข้อความการจ่ายผลประโยชน์ตามสัญญาตะกาฟุลและอัตราเงินสมทบตะกาฟุลที่ชำระเงินสมทบตะกาฟุลรายงวด พ.ศ.2557,[กฎหมายประกันชีวิต] 2014-02-11 หลักเกณฑ์การให้ความเห็นชอบแบบและข้อความการจ่ายผลประโยชน์ตามสัญญาตะกาฟุลและอัตราเงินสมทบตะกาฟุลที่ชำระเงินสมทบตะกาฟุลรายงวด พ.ศ.2557,ประกันภัย,กฎหมายประกันชีวิต
oic_38905,ที่ 13/2541 เรื่อง ให้เพิ่มเติมเอกสารแนบท้ายกรมธรรม์ประกันภัยที่บริษัทประกันชีวิตออกให้กับผู้เอาประกันภัย,[กฎหมายประกันชีวิต] 2014-02-11 ที่ 13/2541 เรื่อง ให้เพิ่มเติมเอกสารแนบท้ายกรมธรรม์ประกันภัยที่บริษัทประกันชีวิตออกให้กับผู้เอาประกันภัย,ประกันภัย,กฎหมายประกันชีวิต
oic_38906,ที่ 89/2541 เรื่อง ยกเลิกการให้ส่งสำเนาคำฟ้อง คำให้การและคำพิพากษาของศาล,[กฎหมายประกันชีวิต] 2014-02-11 ที่ 89/2541 เรื่อง ยกเลิกการให้ส่งสำเนาคำฟ้อง คำให้การและคำพิพากษาของศาล,ประกันภัย,กฎหมายประกันชีวิต
oic_38907,ที่ 7/2543 เรื่อง ให้แก้ไขข้อความบันทึกสลักหลังแนบท้ายกรมธรรม์ ประกันชีวิตกลุ่มแบบชั่วระยะเวลา,[กฎหมายประกันชีวิต] 2014-02-11 ที่ 7/2543 เรื่อง ให้แก้ไขข้อความบันทึกสลักหลังแนบท้ายกรมธรรม์ ประกันชีวิตกลุ่มแบบชั่วระยะเวลา,ประกันภัย,กฎหมายประกันชีวิต
oic_38908,ที่ 31/2545 เรื่อง ให้แก้ไขเพิ่มเติมแบบและข้อความสัญญาเพิ่มเติมการประกันภัยอุบัติเหตุและสัญญาเพิ่มเติมการประกันภัยสุขภาพ แนบท้ายกรมธรรม์ประกันชีวิต,[กฎหมายประกันชีวิต] 2014-02-11 ที่ 31/2545 เรื่อง ให้แก้ไขเพิ่มเติมแบบและข้อความสัญญาเพิ่มเติมการประกันภัยอุบัติเหตุและสัญญาเพิ่มเติมการประกันภัยสุขภาพ แนบท้ายกรมธรรม์ประกันชีวิต,ประกันภัย,กฎหมายประกันชีวิต
oic_38909,ที่ 15/2546 เรื่อง การให้ความเห็นชอบแบบและข้อความกรมธรรม์ประกันชีวิตประเภทสามัญฉบับมาตรฐาน,[กฎหมายประกันชีวิต] 2014-02-11 ที่ 15/2546 เรื่อง การให้ความเห็นชอบแบบและข้อความกรมธรรม์ประกันชีวิตประเภทสามัญฉบับมาตรฐาน,ประกันภัย,กฎหมายประกันชีวิต
oic_38910,ที่ 66/2546 เรื่อง กำหนดแบบ ข้อความและอัตราเบี้ยประกันภัย สำหรับกรมธรรม์ประกันภัยอุบัติเอื้ออาทร,[กฎหมายประกันชีวิต] 2014-02-11 ที่ 66/2546 เรื่อง กำหนดแบบ ข้อความและอัตราเบี้ยประกันภัย สำหรับกรมธรรม์ประกันภัยอุบัติเอื้ออาทร,ประกันภัย,กฎหมายประกันชีวิต
oic_38911,ที่ 13/2549 เรื่อง แก้ไขอัตราเบี้ยประกันภัยอุบัติเหตุส่วนบุคคล,[กฎหมายประกันชีวิต] 2014-02-11 ที่ 13/2549 เรื่อง แก้ไขอัตราเบี้ยประกันภัยอุบัติเหตุส่วนบุคคล,ประกันภัย,กฎหมายประกันชีวิต
oic_38912,ที่ 24/2551 เรื่อง ให้นิติบุคคลที่ประกอบธุรกิจนายหน้าประกันชีวิตยื่นรายงานเกี่ยวกับผลของการประกอบธุรกิจ,[กฎหมายประกันชีวิต] 2014-02-11 ที่ 24/2551 เรื่อง ให้นิติบุคคลที่ประกอบธุรกิจนายหน้าประกันชีวิตยื่นรายงานเกี่ยวกับผลของการประกอบธุรกิจ,ประกันภัย,กฎหมายประกันชีวิต
oic_38913,ที่ 1/2552 เรื่อง ให้บริษัทเปิดเผยข้อมูลเกี่ยวกับฐานะการเงินและผลการดำเนินงาน ของบริษัทประกันชีวิต,[กฎหมายประกันชีวิต] 2014-02-11 ที่ 1/2552 เรื่อง ให้บริษัทเปิดเผยข้อมูลเกี่ยวกับฐานะการเงินและผลการดำเนินงาน ของบริษัทประกันชีวิต,ประกันภัย,กฎหมายประกันชีวิต
oic_38914,ที่ 6/2552 เรื่อง ให้บริษัทเปิดเผยข้อมูลเกี่ยวกับฐานะการเงินและผลการดำเนินงานของบริษัทประกันชีวิต (ฉบับที่ 2),[กฎหมายประกันชีวิต] 2014-02-11 ที่ 6/2552 เรื่อง ให้บริษัทเปิดเผยข้อมูลเกี่ยวกับฐานะการเงินและผลการดำเนินงานของบริษัทประกันชีวิต (ฉบับที่ 2),ประกันภัย,กฎหมายประกันชีวิต
oic_38915,ที่ 7/2553 เรื่อง กำหนดแบบและขนาดอักษาที่ใช้ในกรมธรรม์ประกันชีวิต,[กฎหมายประกันชีวิต] 2014-02-11 ที่ 7/2553 เรื่อง กำหนดแบบและขนาดอักษาที่ใช้ในกรมธรรม์ประกันชีวิต,ประกันภัย,กฎหมายประกันชีวิต
oic_38916,ที่ 10/2553 เรื่อง หลักเกณฑ์การให้ความเห็นชอบแบบ ข้อความและอัตราเบี้ยประกันภัยกรมธรรม์ประกันภัยอุบัติเหตุส่วนบุคคลกรณีชำระเบี้ยประกันภัยรายปี และกรณีชำระเบี้ยประกันภัยรายเดือนโดยหักบัญชีธนาคารหรือบัตร,[กฎหมายประกันชีวิต] 2014-02-11 ที่ 10/2553 เรื่อง หลักเกณฑ์การให้ความเห็นชอบแบบ ข้อความและอัตราเบี้ยประกันภัยกรมธรรม์ประกันภัยอุบัติเหตุส่วนบุคคลกรณีชำระเบี้ยประกันภัยรายปี และกรณีชำระเบี้ยประกันภัยรายเดือนโดยหักบัญชีธนาคารหรือบัตร,ประกันภัย,กฎหมายประกันชีวิต
oic_38917,ที่ 26/2553 เรื่อง กำหนดแบบ ข้อความและอัตราเบี้ยประกันภัยกรมธรรม์ประกันภัยรายย่อย (ไมโครอินชัวรันส์) สำหรับบริษัทประกันชีวิต,[กฎหมายประกันชีวิต] 2014-02-11 ที่ 26/2553 เรื่อง กำหนดแบบ ข้อความและอัตราเบี้ยประกันภัยกรมธรรม์ประกันภัยรายย่อย (ไมโครอินชัวรันส์) สำหรับบริษัทประกันชีวิต,ประกันภัย,กฎหมายประกันชีวิต
oic_38918,ที่ 30/2553 เรื่อง ให้บริษัทเปิดเผยข้อมูลเกี่ยวกับฐานะการเงินและผลการดำเนินงานของบริษัทประกันชีวิต (ฉบับที่ 3),[กฎหมายประกันชีวิต] 2014-02-11 ที่ 30/2553 เรื่อง ให้บริษัทเปิดเผยข้อมูลเกี่ยวกับฐานะการเงินและผลการดำเนินงานของบริษัทประกันชีวิต (ฉบับที่ 3),ประกันภัย,กฎหมายประกันชีวิต
oic_38919,ที่ 34/2553 เรื่อง ให้บริษัทประกันชีวิตรายงานข้อมูลเกี่ยวกับธุรกิจ,[กฎหมายประกันชีวิต] 2014-02-11 ที่ 34/2553 เรื่อง ให้บริษัทประกันชีวิตรายงานข้อมูลเกี่ยวกับธุรกิจ,ประกันภัย,กฎหมายประกันชีวิต
oic_38920,ที่ 48/2553 เรื่อง กำหนดอัตราเบี้ยประกันภัยสำหรับผู้เอาประกันภัยโดยตรงกับบริษัทประกันชีวิต,[กฎหมายประกันชีวิต] 2014-02-11 ที่ 48/2553 เรื่อง กำหนดอัตราเบี้ยประกันภัยสำหรับผู้เอาประกันภัยโดยตรงกับบริษัทประกันชีวิต,ประกันภัย,กฎหมายประกันชีวิต
oic_38921,ที่ 50/2553 เรื่องการขอรับความเห็นชอบแบบและข้อความใบคำขอเอาประกันชีวิต,[กฎหมายประกันชีวิต] 2014-02-11 ที่ 50/2553 เรื่องการขอรับความเห็นชอบแบบและข้อความใบคำขอเอาประกันชีวิต,ประกันภัย,กฎหมายประกันชีวิต
oic_38922,ที่ 16/2554 การให้ความเห็นชอบแบบและข้อความกรมธรรม์ประกันชีวิตประเภทกลุ่ม แบบคุ้มครองสินเชื่อ ที่ชำระเบี้ยประกันภัยครั้งเดียว ฉบับมาตรฐาน,[กฎหมายประกันชีวิต] 2014-02-11 ที่ 16/2554 การให้ความเห็นชอบแบบและข้อความกรมธรรม์ประกันชีวิตประเภทกลุ่ม แบบคุ้มครองสินเชื่อ ที่ชำระเบี้ยประกันภัยครั้งเดียว ฉบับมาตรฐาน,ประกันภัย,กฎหมายประกันชีวิต
oic_38923,ที่ 15/2554 เรื่องการเปลี่ยนอัตราเบี้ยประกันภัย,[กฎหมายประกันชีวิต] 2014-02-11 ที่ 15/2554 เรื่องการเปลี่ยนอัตราเบี้ยประกันภัย,ประกันภัย,กฎหมายประกันชีวิต
oic_38924,ที่ 17/2554 เรื่องการให้ความเห็นชอบแบบและข้อความกรมธรรม์ประกันชีวิตประเภทสามัญ แบบสะสมทรัพย์และแบบตลอดชีพ ที่ชำระเบี้ยประกันภัยครั้งเดียว ฉบับมาตรฐาน,[กฎหมายประกันชีวิต] 2014-02-11 ที่ 17/2554 เรื่องการให้ความเห็นชอบแบบและข้อความกรมธรรม์ประกันชีวิตประเภทสามัญ แบบสะสมทรัพย์และแบบตลอดชีพ ที่ชำระเบี้ยประกันภัยครั้งเดียว ฉบับมาตรฐาน,ประกันภัย,กฎหมายประกันชีวิต
oic_38925,ที่ 26/2554 เรื่อง ให้บริษัทประกันชีวิตรายงานข้อมูลเกี่ยวกับกรมธรรม์ประกันชีวิต,[กฎหมายประกันชีวิต] 2014-02-11 ที่ 26/2554 เรื่อง ให้บริษัทประกันชีวิตรายงานข้อมูลเกี่ยวกับกรมธรรม์ประกันชีวิต,ประกันภัย,กฎหมายประกันชีวิต
oic_38926,ที่ 32/2554 เรื่อง การให้ความเห็นชอบแบบและข้อความกรมธรรม์ประกันชีวิตประเภทสามัญ แบบสะสมทรัพย์และแบบตลอดชีพ ที่ชำระเบี้ยประกันภัยครั้งเดียว ฉบับมาตรฐาน,[กฎหมายประกันชีวิต] 2014-02-11 ที่ 32/2554 เรื่อง การให้ความเห็นชอบแบบและข้อความกรมธรรม์ประกันชีวิตประเภทสามัญ แบบสะสมทรัพย์และแบบตลอดชีพ ที่ชำระเบี้ยประกันภัยครั้งเดียว ฉบับมาตรฐาน,ประกันภัย,กฎหมายประกันชีวิต
oic_38927,ที่ 31/2554 เรื่อง การให้ความเห็นชอบแบบและข้อความกรมธรรม์ประกันชีวิตประเภทกลุ่ม แบบคุ้มครองสินเชื่อ ที่ชำระเบี้ยประกันภัยครั้งเดียว ฉบับมาตรฐาน,[กฎหมายประกันชีวิต] 2014-02-11 ที่ 31/2554 เรื่อง การให้ความเห็นชอบแบบและข้อความกรมธรรม์ประกันชีวิตประเภทกลุ่ม แบบคุ้มครองสินเชื่อ ที่ชำระเบี้ยประกันภัยครั้งเดียว ฉบับมาตรฐาน,ประกันภัย,กฎหมายประกันชีวิต
oic_38928,ที่ 30/2554 เรื่อง การเปลี่ยนแปลงอัตราเบี้ยประกัน,[กฎหมายประกันชีวิต] 2014-02-11 ที่ 30/2554 เรื่อง การเปลี่ยนแปลงอัตราเบี้ยประกัน,ประกันภัย,กฎหมายประกันชีวิต
oic_38929,ที่ 30/2554 เรื่อง การเปลี่ยนแปลงอัตราเบี้ยประกัน,[กฎหมายประกันชีวิต] 2014-02-11 ที่ 30/2554 เรื่อง การเปลี่ยนแปลงอัตราเบี้ยประกัน,ประกันภัย,กฎหมายประกันชีวิต
oic_38930,ที่ 42/2554 เรื่อง ให้ใช้แบบ และข้อความสัญญาตะกาฟุล แบบสะสมทรัพย์ และแบบชั่วระยะเวลา สำหรับรายย่อย (ไมโครตะกาฟุล),[กฎหมายประกันชีวิต] 2014-02-11 ที่ 42/2554 เรื่อง ให้ใช้แบบ และข้อความสัญญาตะกาฟุล แบบสะสมทรัพย์ และแบบชั่วระยะเวลา สำหรับรายย่อย (ไมโครตะกาฟุล),ประกันภัย,กฎหมายประกันชีวิต
oic_38931,ที่ 41/2554 เรื่อง ให้ใช้แบบ และข้อความสัญญาเพิ่มเติม ตะกาฟุลสุขภาพชดเชยรายวัน สำหรับรายย่อย (ไมโครตะกาฟุล),[กฎหมายประกันชีวิต] 2014-02-11 ที่ 41/2554 เรื่อง ให้ใช้แบบ และข้อความสัญญาเพิ่มเติม ตะกาฟุลสุขภาพชดเชยรายวัน สำหรับรายย่อย (ไมโครตะกาฟุล),ประกันภัย,กฎหมายประกันชีวิต
oic_38932,ที่ 40/2554 เรื่อง ให้ใช้แบบ ข้อความ และอัตราเงินสมทบของสัญญาตะกาฟุล อุบัติเหตุ สำหรับรายย่อย (ไมโครตะกาฟุล),[กฎหมายประกันชีวิต] 2014-02-11 ที่ 40/2554 เรื่อง ให้ใช้แบบ ข้อความ และอัตราเงินสมทบของสัญญาตะกาฟุล อุบัติเหตุ สำหรับรายย่อย (ไมโครตะกาฟุล),ประกันภัย,กฎหมายประกันชีวิต
oic_38933,ที่ 45/2554 เรื่อง ให้บริษัทเปิดเผยข้อมูลเกี่ยวกับฐานะการเงินและผลการดำเนินงานของบริษัทประกันชีวิต (ฉบับที่4),[กฎหมายประกันชีวิต] 2014-02-11 ที่ 45/2554 เรื่อง ให้บริษัทเปิดเผยข้อมูลเกี่ยวกับฐานะการเงินและผลการดำเนินงานของบริษัทประกันชีวิต (ฉบับที่4),ประกันภัย,กฎหมายประกันชีวิต
oic_38934,ที่47/2554 ให้บริษัทประกันชีวิตยื่นรายงานข้อมูลเกี่ยวกับพฤติกรรมทางการตลาด,[กฎหมายประกันชีวิต] 2014-02-11 ที่47/2554 ให้บริษัทประกันชีวิตยื่นรายงานข้อมูลเกี่ยวกับพฤติกรรมทางการตลาด,ประกันภัย,กฎหมายประกันชีวิต
oic_38935,ที่ 31/2555 เรื่อง กำหนดอัตราเบี้ยประกันภัยสำหรับผู้เอาประกันภัยโดยตรงกับบริษัทประกันชีวิต,[กฎหมายประกันชีวิต] 2014-02-11 ที่ 31/2555 เรื่อง กำหนดอัตราเบี้ยประกันภัยสำหรับผู้เอาประกันภัยโดยตรงกับบริษัทประกันชีวิต,ประกันภัย,กฎหมายประกันชีวิต
oic_38936,ที่ 6/2556 เรื่อง ให้นิติบุคคลที่ประกอบธุรกิจนายหน้าประกันชีวิต ยื่นรายงานเกี่ยวกับผลของการประกอบธุรกิจ,[กฎหมายประกันชีวิต] 2014-02-11 ที่ 6/2556 เรื่อง ให้นิติบุคคลที่ประกอบธุรกิจนายหน้าประกันชีวิต ยื่นรายงานเกี่ยวกับผลของการประกอบธุรกิจ,ประกันภัย,กฎหมายประกันชีวิต
oic_38937,ที่ 19/2556 เรื่อง กำหนดแบบ ข้อความและอัตราเบี้ยประกันภัยกรมธรรม์ประกันภัย 200 สำหรับรายย่อย(ไมโครอินชัวรันส์),[กฎหมายประกันชีวิต] 2014-02-11 ที่ 19/2556 เรื่อง กำหนดแบบ ข้อความและอัตราเบี้ยประกันภัยกรมธรรม์ประกันภัย 200 สำหรับรายย่อย(ไมโครอินชัวรันส์),ประกันภัย,กฎหมายประกันชีวิต
oic_38938,ที่ 25/2556 เรื่อง ให้บริษัทประกันชีวิตยื่นรายงานเกี่ยวกับการลงทุนประกอบธุรกิจอื่น,[กฎหมายประกันชีวิต] 2014-02-11 ที่ 25/2556 เรื่อง ให้บริษัทประกันชีวิตยื่นรายงานเกี่ยวกับการลงทุนประกอบธุรกิจอื่น,ประกันภัย,กฎหมายประกันชีวิต
oic_38939,ที่ 25/2556 เรื่อง ให้บริษัทประกันชีวิตยื่นรายงานเกี่ยวกับการลงทุนประกอบธุรกิจอื่น,[กฎหมายประกันชีวิต] 2014-02-11 ที่ 25/2556 เรื่อง ให้บริษัทประกันชีวิตยื่นรายงานเกี่ยวกับการลงทุนประกอบธุรกิจอื่น,ประกันภัย,กฎหมายประกันชีวิต
oic_38940,การจัดสรรสินทรัพย์ไว้สำหรับหนี้สินและภาระผูกพันตามสัญญาประกันภัยและการฝากสินทรัพย์ไว้กับสถาบันการเงิน พ.ศ. 2551,[กฎหมายประกันชีวิต] 2014-02-11 การจัดสรรสินทรัพย์ไว้สำหรับหนี้สินและภาระผูกพันตามสัญญาประกันภัยและการฝากสินทรัพย์ไว้กับสถาบันการเงิน พ.ศ. 2551,ประกันภัย,กฎหมายประกันชีวิต
oic_38941,หลักเกณฑ์และวิธีการในการประกาศหรือโฆษณาการฝ่าฝืนหรือไม่ปฏิบัติตามกฎหมายว่าด้วยการประกันวินาศภัย พ.ศ. 2556,[กฎหมายประกันชีวิต] 2014-02-12 หลักเกณฑ์และวิธีการในการประกาศหรือโฆษณาการฝ่าฝืนหรือไม่ปฏิบัติตามกฎหมายว่าด้วยการประกันวินาศภัย พ.ศ. 2556,ประกันภัย,กฎหมายประกันชีวิต
oic_38942,เรื่อง โครงการยุวชนประกันภัย ปี พ.ศ. 2552 – 2555 และ การประกวดโรงเรียน /สถานศึกษาและยุวชนประกันภัย ประจำปี พ.ศ. 2552 (ฉบับที่ 1),[กฎหมายประกันชีวิต] 2014-02-25 เรื่อง โครงการยุวชนประกันภัย ปี พ.ศ. 2552 – 2555 และ การประกวดโรงเรียน /สถานศึกษาและยุวชนประกันภัย ประจำปี พ.ศ. 2552 (ฉบับที่ 1),ประกันภัย,กฎหมายประกันชีวิต
oic_38943,เรื่อง โครงการยุวชนประกันภัย ปี พ.ศ. 2552 – 2555 และ การประกวดโรงเรียน /สถานศึกษาและยุวชนประกันภัย ประจำปี พ.ศ. 2552 (ฉบับที่ 1),[กฎหมายประกันชีวิต] 2014-02-25 เรื่อง โครงการยุวชนประกันภัย ปี พ.ศ. 2552 – 2555 และ การประกวดโรงเรียน /สถานศึกษาและยุวชนประกันภัย ประจำปี พ.ศ. 2552 (ฉบับที่ 1),ประกันภัย,กฎหมายประกันชีวิต
oic_38944,Life Insurance Act No.2 B.E. 2553 (Amended B.E. 2551),[กฎหมายประกันชีวิต] 2015-04-20 Life Insurance Act No.2 B.E. 2553 (Amended B.E. 2551),ประกันภัย,กฎหมายประกันชีวิต
oic_38945,Regulation under Life Insurance Act,[กฎหมายประกันชีวิต] 2015-04-20 Regulation under Life Insurance Act,ประกันภัย,กฎหมายประกันชีวิต
oic_38946,Life Insurance Act B.E. 2535,[กฎหมายประกันชีวิต] 2015-04-20 Life Insurance Act B.E. 2535,ประกันภัย,กฎหมายประกันชีวิต
oic_38947,Appointment of Competent Officials under the Life Insurance Act B.E.2535,[กฎหมายประกันชีวิต] 2015-04-20 Appointment of Competent Officials under the Life Insurance Act B.E.2535,ประกันภัย,กฎหมายประกันชีวิต
oic_38948,Appoint the Settle Offence Commission According to the Life Insurance Act B.E. 2535,[กฎหมายประกันชีวิต] 2015-04-20 Appoint the Settle Offence Commission According to the Life Insurance Act B.E. 2535,ประกันภัย,กฎหมายประกันชีวิต
oic_38949,Securities of the Life Insurance Business to be placed with the Registrar as a security deposit B.E. 2552,[กฎหมายประกันชีวิต] 2015-04-20 Securities of the Life Insurance Business to be placed with the Registrar as a security deposit B.E. 2552,ประกันภัย,กฎหมายประกันชีวิต
oic_38950,"Rules, Procedures, Conditions, and Periods for Preparing and Submitting Financial Statements and Reports on the Operations of the Life Insurance Business B.E. 2552","[กฎหมายประกันชีวิต] 2015-04-20 Rules, Procedures, Conditions, and Periods for Preparing and Submitting Financial Statements and Reports on the Operations of the Life Insurance Business B.E. 2552",ประกันภัย,กฎหมายประกันชีวิต
oic_38951,"the Rates, Rules, Procedures, Conditions, and Period That the Company has to Submit Contribution to the Life Insurance Fund B.E. 2552","[กฎหมายประกันชีวิต] 2015-04-20 the Rates, Rules, Procedures, Conditions, and Period That the Company has to Submit Contribution to the Life Insurance Fund B.E. 2552",ประกันภัย,กฎหมายประกันชีวิต
oic_38952,Submission of Reports on Financial Status and Operations of the Life Insurance Business B.E. 2551,[กฎหมายประกันชีวิต] 2015-04-20 Submission of Reports on Financial Status and Operations of the Life Insurance Business B.E. 2551,ประกันภัย,กฎหมายประกันชีวิต
oic_38953,Prescription of rules on methods of issuing and offering insurance policy for sale via telephone (telemarketing) B.E. 2551,[กฎหมายประกันชีวิต] 2015-04-20 Prescription of rules on methods of issuing and offering insurance policy for sale via telephone (telemarketing) B.E. 2551,ประกันภัย,กฎหมายประกันชีวิต
oic_38954,Rules on methods for issuing and offering of insurance policy for sale and the performing of duty of life insurance agent and life insurance broker and bank B.E. 2551,[กฎหมายประกันชีวิต] 2015-04-20 Rules on methods for issuing and offering of insurance policy for sale and the performing of duty of life insurance agent and life insurance broker and bank B.E. 2551,ประกันภัย,กฎหมายประกันชีวิต
oic_38955,"Rules, Procedures and Conditions for Prescribing the Minimum Requirement of Risk Management for Life Insurance Companies B.E.2551","[กฎหมายประกันชีวิต] 2015-04-20 Rules, Procedures and Conditions for Prescribing the Minimum Requirement of Risk Management for Life Insurance Companies B.E.2551",ประกันภัย,กฎหมายประกันชีวิต
oic_38956,Allocation of assets for liabilities and obligations under insurance contracts and the deposition of assets with financial institution B.E. 2551,[กฎหมายประกันชีวิต] 2015-04-20 Allocation of assets for liabilities and obligations under insurance contracts and the deposition of assets with financial institution B.E. 2551,ประกันภัย,กฎหมายประกันชีวิต
oic_38957,"Rules, Procedures and Conditions for Disclosure of Financial Standing and Operating Results of Life Insurance Companies B.E.2551","[กฎหมายประกันชีวิต] 2015-04-20 Rules, Procedures and Conditions for Disclosure of Financial Standing and Operating Results of Life Insurance Companies B.E.2551",ประกันภัย,กฎหมายประกันชีวิต
oic_38958,"The Prescribed Rules, Procedures, Conditions, for the Application, the Approval, and the Renewal of Life Insurance Agent and Broker Licenses B.E. 2551","[กฎหมายประกันชีวิต] 2015-04-20 The Prescribed Rules, Procedures, Conditions, for the Application, the Approval, and the Renewal of Life Insurance Agent and Broker Licenses B.E. 2551",ประกันภัย,กฎหมายประกันชีวิต
oic_38959,Register Form concerned with Life Insurance Business B.E.2551,[กฎหมายประกันชีวิต] 2015-04-20 Register Form concerned with Life Insurance Business B.E.2551,ประกันภัย,กฎหมายประกันชีวิต
oic_38960,Wage or Commission Rates for Life Insurance Agents and Brokers B.E.2551,[กฎหมายประกันชีวิต] 2015-04-20 Wage or Commission Rates for Life Insurance Agents and Brokers B.E.2551,ประกันภัย,กฎหมายประกันชีวิต
oic_38961,"Rules and Conditions for Exception to a Person who Being or Performing the Duty of Director, Manager or a Person Having Management Authority of Life Insurance Company to Become Director, Manager or Pe","[กฎหมายประกันชีวิต] 2015-04-20 Rules and Conditions for Exception to a Person who Being or Performing the Duty of Director, Manager or a Person Having Management Authority of Life Insurance Company to Become Director, Manager or Pe",ประกันภัย,กฎหมายประกันชีวิต
oic_38962,"Designation of Amount, Types, Procedures, and Conditions on Asset Maintenance in Thailand of the Branch Office of the Foreign Life Insurance Company B.E. 2551","[กฎหมายประกันชีวิต] 2015-04-20 Designation of Amount, Types, Procedures, and Conditions on Asset Maintenance in Thailand of the Branch Office of the Foreign Life Insurance Company B.E. 2551",ประกันภัย,กฎหมายประกันชีวิต
oic_38963,Rules and Conditions of Licensing for Juristic person in the form of Financial Institution to be Life Insurance Broker B.E.2551,[กฎหมายประกันชีวิต] 2015-04-20 Rules and Conditions of Licensing for Juristic person in the form of Financial Institution to be Life Insurance Broker B.E.2551,ประกันภัย,กฎหมายประกันชีวิต
oic_38964,"Registers and Account Books, concerning business of a life insurance broker B.E.2551","[กฎหมายประกันชีวิต] 2015-04-20 Registers and Account Books, concerning business of a life insurance broker B.E.2551",ประกันภัย,กฎหมายประกันชีวิต
oic_38965,"Rules, Procedures and Conditions for the Application, the Application for Renewal, and the Issuance of an Actuary License B.E.2551","[กฎหมายประกันชีวิต] 2015-04-20 Rules, Procedures and Conditions for the Application, the Application for Renewal, and the Issuance of an Actuary License B.E.2551",ประกันภัย,กฎหมายประกันชีวิต
oic_38966,"Rules, Procedures and Conditions on Application for Permission to Open a Branch or to Relocate the Head Office or a Branch Office or to Dissolve a Branch of a Life Insurance Companies B.E.2551","[กฎหมายประกันชีวิต] 2015-04-20 Rules, Procedures and Conditions on Application for Permission to Open a Branch or to Relocate the Head Office or a Branch Office or to Dissolve a Branch of a Life Insurance Companies B.E.2551",ประกันภัย,กฎหมายประกันชีวิต
oic_38967,Prescribed Courses and Methods for Training Applicants Applying for Life Insurance Agent and Life Insurance Broker License Issuance or Renewal B. E. 2551,[กฎหมายประกันชีวิต] 2015-04-20 Prescribed Courses and Methods for Training Applicants Applying for Life Insurance Agent and Life Insurance Broker License Issuance or Renewal B. E. 2551,ประกันภัย,กฎหมายประกันชีวิต
oic_38968,Form for Contribution to the Life Insurance Fund and Request for Use of Excess Contribution to be Used as On-Going Three Month Reserve,[กฎหมายประกันชีวิต] 2015-04-20 Form for Contribution to the Life Insurance Fund and Request for Use of Excess Contribution to be Used as On-Going Three Month Reserve,ประกันภัย,กฎหมายประกันชีวิต
oic_38969,Prescribed Courses and Methods for Life Insurance for Agent and Broker Applicants for License Issuance and Renewal B. E. 2552 (No. 2),[กฎหมายประกันชีวิต] 2015-04-20 Prescribed Courses and Methods for Life Insurance for Agent and Broker Applicants for License Issuance and Renewal B. E. 2552 (No. 2),ประกันภัย,กฎหมายประกันชีวิต
oic_38970,Form for Contribution to the Life Insurance Fund and Request for Use of Excess Contribution to be Used as On-Going Three Month Reserve,[กฎหมายประกันชีวิต] 2015-04-20 Form for Contribution to the Life Insurance Fund and Request for Use of Excess Contribution to be Used as On-Going Three Month Reserve,ประกันภัย,กฎหมายประกันชีวิต
oic_38971,The Calculation of Premium Rates and Other Values under Insurance Policies for Pension Policies B.E.2552,[กฎหมายประกันชีวิต] 2015-04-20 The Calculation of Premium Rates and Other Values under Insurance Policies for Pension Policies B.E.2552,ประกันภัย,กฎหมายประกันชีวิต
oic_38972,Rules for Granting Approval of Forms and Texts of Insurance Policy Benefit Payment and Premium Rate B.E.2552,[กฎหมายประกันชีวิต] 2015-04-20 Rules for Granting Approval of Forms and Texts of Insurance Policy Benefit Payment and Premium Rate B.E.2552,ประกันภัย,กฎหมายประกันชีวิต
oic_38973,"The Rules, Procedures, and Conditions Concerning the Registration Of Life Insurance Agents and Brokers Selling Unit-Linked Life Policies B. E. 2551","[กฎหมายประกันชีวิต] 2015-04-20 The Rules, Procedures, and Conditions Concerning the Registration Of Life Insurance Agents and Brokers Selling Unit-Linked Life Policies B. E. 2551",ประกันภัย,กฎหมายประกันชีวิต
oic_38974,"Prescription of forms for application of license, license and documents concerning the being life insurance agent or life insurance broker","[กฎหมายประกันชีวิต] 2015-04-20 Prescription of forms for application of license, license and documents concerning the being life insurance agent or life insurance broker",ประกันภัย,กฎหมายประกันชีวิต
oic_38975,"Application for Testing, Test Preparation, and Announcement And Test Rules &amp; Regulations for Life Insurance Agent and Life Insurance Broker License B. E. 2551","[กฎหมายประกันชีวิต] 2015-04-20 Application for Testing, Test Preparation, and Announcement And Test Rules &amp; Regulations for Life Insurance Agent and Life Insurance Broker License B. E. 2551",ประกันภัย,กฎหมายประกันชีวิต
oic_38976,"Prescription of application forms for permission to open branch, relocate head or branch office or dissolve branch of life insurance Company B.E. 2551","[กฎหมายประกันชีวิต] 2015-04-21 Prescription of application forms for permission to open branch, relocate head or branch office or dissolve branch of life insurance Company B.E. 2551",ประกันภัย,กฎหมายประกันชีวิต
oic_38977,"Designation of the Application forms for Actuary License and the Actuary License Renewal, and the Actuary License Form","[กฎหมายประกันชีวิต] 2015-04-21 Designation of the Application forms for Actuary License and the Actuary License Renewal, and the Actuary License Form",ประกันภัย,กฎหมายประกันชีวิต
oic_38978,"Designation of Programs, Courses, and Actuarial Experience of Applicants of Actuary License, and a List of Actuary Association","[กฎหมายประกันชีวิต] 2015-04-21 Designation of Programs, Courses, and Actuarial Experience of Applicants of Actuary License, and a List of Actuary Association",ประกันภัย,กฎหมายประกันชีวิต
oic_38979,Prescription of form of life insurance broker license,[กฎหมายประกันชีวิต] 2015-04-21 Prescription of form of life insurance broker license,ประกันภัย,กฎหมายประกันชีวิต
oic_38980,Disclosure of Financial Standing and Operating Results of Life Insurance Companies (No.2),[กฎหมายประกันชีวิต] 2015-04-21 Disclosure of Financial Standing and Operating Results of Life Insurance Companies (No.2),ประกันภัย,กฎหมายประกันชีวิต
oic_38981,Disclosure of Financial Standing and Operating Results of Life Insurance Companies,[กฎหมายประกันชีวิต] 2015-04-21 Disclosure of Financial Standing and Operating Results of Life Insurance Companies,ประกันภัย,กฎหมายประกันชีวิต
oic_38982,Juristic Persons who are Life Insurance Brokers to Submit the Business Operating Result Report,[กฎหมายประกันชีวิต] 2015-04-21 Juristic Persons who are Life Insurance Brokers to Submit the Business Operating Result Report,ประกันภัย,กฎหมายประกันชีวิต
oic_38983,Securities of the Life Insurance Business to be placed with the Registrar as a security deposit B.E. 2552,[กฎหมายประกันชีวิต] 2015-05-06 Securities of the Life Insurance Business to be placed with the Registrar as a security deposit B.E. 2552,ประกันภัย,กฎหมายประกันชีวิต
oic_38984,Securities of the Life Insurance Business to be placed with the Registrar as a security deposit B.E. 2552,[กฎหมายประกันชีวิต] 2015-05-06 Securities of the Life Insurance Business to be placed with the Registrar as a security deposit B.E. 2552,ประกันภัย,กฎหมายประกันชีวิต
oic_38985,ประกาศ คปภ. เรื่อง หลักเกณฑ์ วิธีการเสนอขาย และการปฏิบัติหน้าที่ของตัวแทนประกันชีวิต  นายหน้าประกันชีวิต หรือพนักงานของบริษัทในการเสนอขายกรมธรรม์ประกันภัย ๒๐๐  สำหรับรายย่อย (ไมโครอินชัวรันส์) (ฉบับที่ ๒) พ.ศ. ๒๕๕๙,[กฎหมายประกันชีวิต] 2016-07-21 ประกาศ คปภ. เรื่อง หลักเกณฑ์ วิธีการเสนอขาย และการปฏิบัติหน้าที่ของตัวแทนประกันชีวิต  นายหน้าประกันชีวิต หรือพนักงานของบริษัทในการเสนอขายกรมธรรม์ประกันภัย ๒๐๐  สำหรับรายย่อย (ไมโครอินชัวรันส์) (ฉบับที่ ๒) พ.ศ. ๒๕๕๙,ประกันภัย,กฎหมายประกันชีวิต
oic_38986,ประกาศคณะกรรมการกำกับและส่งเสริมการประกอบธุรกิจประกันภัย เรื่อง กำหนดให้บริษัทประกันชีวิตเปิดทำการติดต่อกับประชาชน ประจำปี พ.ศ.2560,[กฎหมายประกันชีวิต] 2016-09-02 ประกาศคณะกรรมการกำกับและส่งเสริมการประกอบธุรกิจประกันภัย เรื่อง กำหนดให้บริษัทประกันชีวิตเปิดทำการติดต่อกับประชาชน ประจำปี พ.ศ.2560,ประกันภัย,กฎหมายประกันชีวิต
oic_38987,ประกาศคณะกรรมการกำกับและส่งเสริมการประกอบธุรกิจประกันภัย เรื่อง กำหนดให้บริษัทประักนชีวิตเปิดทำการติดต่อกับประชาชน ประจำปี พ.ศ.2560,[กฎหมายประกันชีวิต] 2016-09-02 ประกาศคณะกรรมการกำกับและส่งเสริมการประกอบธุรกิจประกันภัย เรื่อง กำหนดให้บริษัทประักนชีวิตเปิดทำการติดต่อกับประชาชน ประจำปี พ.ศ.2560,ประกันภัย,กฎหมายประกันชีวิต
oic_38988,Life Insurance Act B.E.2535 (amended by Life Insurance Act B.E. 2551 and 2558),[กฎหมายประกันชีวิต] 2017-03-16 Life Insurance Act B.E.2535 (amended by Life Insurance Act B.E. 2551 and 2558),ประกันภัย,กฎหมายประกันชีวิต
oic_38989,Non-Life Insurance Act B.E. 2535 (amended by Non-Life Insurance Act B.E. 2551 and 2558),[กฎหมายประกันชีวิต] 2017-03-16 Non-Life Insurance Act B.E. 2535 (amended by Non-Life Insurance Act B.E. 2551 and 2558),ประกันภัย,กฎหมายประกันชีวิต
oic_38990,Life Insurance Act B.E. 2535 (Amended by Life Insurance Act (No. 2) B.E. 2551 and (No. 3) B.E. 2558),[กฎหมายประกันชีวิต] 2017-03-16 Life Insurance Act B.E. 2535 (Amended by Life Insurance Act (No. 2) B.E. 2551 and (No. 3) B.E. 2558),ประกันภัย,กฎหมายประกันชีวิต
oic_38991,ประกาศ คปภ. เรื่อง กำหนดให้บริษัทประกันชีวิตเปิดทำการติดต่อกับประชาชน ประจำปี พ.ศ. 2560 (ฉบับที่ 2),[กฎหมายประกันชีวิต] 2017-04-28 ประกาศ คปภ. เรื่อง กำหนดให้บริษัทประกันชีวิตเปิดทำการติดต่อกับประชาชน ประจำปี พ.ศ. 2560 (ฉบับที่ 2),ประกันภัย,กฎหมายประกันชีวิต
oic_38992,ประกาศ คปภ. เรื่อง กำหนดให้บริษัทประกันชีวิตเปิดทำการติดต่อกับประชาชน ประจำปี พ.ศ.2560 (ฉบับที่ 2),[กฎหมายประกันชีวิต] 2017-04-28 ประกาศ คปภ. เรื่อง กำหนดให้บริษัทประกันชีวิตเปิดทำการติดต่อกับประชาชน ประจำปี พ.ศ.2560 (ฉบับที่ 2),ประกันภัย,กฎหมายประกันชีวิต
oic_38993,"Extension of the Period of Time for Disposing of Immovable Property of a Life Insurance Company, B.E. 2558 (2015)","[กฎหมายประกันชีวิต] 2018-01-17 Extension of the Period of Time for Disposing of Immovable Property of a Life Insurance Company, B.E. 2558 (2015)",ประกันภัย,กฎหมายประกันชีวิต
oic_38994,"Allocation of Assets for Liabilities and Obligations under Life Insurance Contracts, and Deposit of Assets with a Financial Institution, B.E. 2551 (2008)","[กฎหมายประกันชีวิต] 2018-01-17 Allocation of Assets for Liabilities and Obligations under Life Insurance Contracts, and Deposit of Assets with a Financial Institution, B.E. 2551 (2008)",ประกันภัย,กฎหมายประกันชีวิต
oic_38995,"Actuarial Code of Conduct under the Life Insurance Law, B.E. 2552 (2009)","[กฎหมายประกันชีวิต] 2018-01-17 Actuarial Code of Conduct under the Life Insurance Law, B.E. 2552 (2009)",ประกันภัย,กฎหมายประกันชีวิต
oic_38996,"Indemnity under Life Insurance Contracts by Life Insurance Companies, B.E. 2559 (2016)","[กฎหมายประกันชีวิต] 2018-01-17 Indemnity under Life Insurance Contracts by Life Insurance Companies, B.E. 2559 (2016)",ประกันภัย,กฎหมายประกันชีวิต
oic_38997,Payment of Debts to Creditors who are Entitled to Receive Payment of Insurance Debts from the Life Insurance Fund B.E. 2558 (2015),[กฎหมายประกันชีวิต] 2018-01-17 Payment of Debts to Creditors who are Entitled to Receive Payment of Insurance Debts from the Life Insurance Fund B.E. 2558 (2015),ประกันภัย,กฎหมายประกันชีวิต
oic_38998,"Criteria, Procedures, and Conditions for the Application, Renewal, and Issuance of Actuarial License, B.E. 2551 (2008)","[กฎหมายประกันชีวิต] 2018-01-17 Criteria, Procedures, and Conditions for the Application, Renewal, and Issuance of Actuarial License, B.E. 2551 (2008)",ประกันภัย,กฎหมายประกันชีวิต
oic_38999,"Submission of Reports Concerning Financial and Business Position of Life Insurance Companies,B.E. 2559 (2016)","[กฎหมายประกันชีวิต] 2018-01-17 Submission of Reports Concerning Financial and Business Position of Life Insurance Companies,B.E. 2559 (2016)",ประกันภัย,กฎหมายประกันชีวิต
oic_39000,Balance Sheet and Income Statement Forms of Life Insurance Companies B.E. 2559 (2016),[กฎหมายประกันชีวิต] 2018-01-18 Balance Sheet and Income Statement Forms of Life Insurance Companies B.E. 2559 (2016),ประกันภัย,กฎหมายประกันชีวิต
oic_39001,"Preparation and Submission of Financial Statements and Reports on Operating Results of Life Insurance Companies, B.E. 2559 (2016)","[กฎหมายประกันชีวิต] 2018-01-18 Preparation and Submission of Financial Statements and Reports on Operating Results of Life Insurance Companies, B.E. 2559 (2016)",ประกันภัย,กฎหมายประกันชีวิต
oic_39002,"Application for Examination, Conduct of Examination, Announcement of Examination Results, and Examination Rules for Life Insurance Agent License and Life Insurance Broker License, B.E. 2552 (2009)","[กฎหมายประกันชีวิต] 2018-01-18 Application for Examination, Conduct of Examination, Announcement of Examination Results, and Examination Rules for Life Insurance Agent License and Life Insurance Broker License, B.E. 2552 (2009)",ประกันภัย,กฎหมายประกันชีวิต
oic_39003,"Application for Examination, Conduct of Examination, Announcement of Examination Results, Knowledge Examination, and Examination Rules Applying for Life Insurance Agent License (Micro-insurance), B.E. 2553 (2010)","[กฎหมายประกันชีวิต] 2018-01-18 Application for Examination, Conduct of Examination, Announcement of Examination Results, Knowledge Examination, and Examination Rules Applying for Life Insurance Agent License (Micro-insurance), B.E. 2553 (2010)",ประกันภัย,กฎหมายประกันชีวิต
oic_39004,"Courses for Person Responsible for Investment Unit of Life Insurance Companies, B.E.2558 (2015)","[กฎหมายประกันชีวิต] 2018-01-18 Courses for Person Responsible for Investment Unit of Life Insurance Companies, B.E.2558 (2015)",ประกันภัย,กฎหมายประกันชีวิต
oic_39005,"Criteria, Procedures, and Conditions for the Issuance of Preferred Shares of Life Insurance Companies, B. E. 2552 (1999)","[กฎหมายประกันชีวิต] 2018-01-18 Criteria, Procedures, and Conditions for the Issuance of Preferred Shares of Life Insurance Companies, B. E. 2552 (1999)",ประกันภัย,กฎหมายประกันชีวิต
oic_39006,"Actuarial Standards of Practice Regarding Reserve Valuation for  Risk Based Capital Requirement, B.E. 2557 (2014)","[กฎหมายประกันชีวิต] 2018-01-18 Actuarial Standards of Practice Regarding Reserve Valuation for  Risk Based Capital Requirement, B.E. 2557 (2014)",ประกันภัย,กฎหมายประกันชีวิต
oic_39007,"Rules for Consideration of Actions of Actuaries That May Result in Suspension  of Actuarial License under the Life Insurance Law by the Commissioner, B.E. 2557 (2014)","[กฎหมายประกันชีวิต] 2018-01-18 Rules for Consideration of Actions of Actuaries That May Result in Suspension  of Actuarial License under the Life Insurance Law by the Commissioner, B.E. 2557 (2014)",ประกันภัย,กฎหมายประกันชีวิต
oic_39008,"Designation of Programs, Courses, and Actuarial Experience for Applicants for Actuarial Licenses and Names of Actuarial Society under the Law Concerning Life Insurance, B.E. 2554 (2011)","[กฎหมายประกันชีวิต] 2018-01-18 Designation of Programs, Courses, and Actuarial Experience for Applicants for Actuarial Licenses and Names of Actuarial Society under the Law Concerning Life Insurance, B.E. 2554 (2011)",ประกันภัย,กฎหมายประกันชีวิต
oic_39009,"Use of Thai Mortality Table 2008, B.E. 2554 (2011)","[กฎหมายประกันชีวิต] 2018-01-18 Use of Thai Mortality Table 2008, B.E. 2554 (2011)",ประกันภัย,กฎหมายประกันชีวิต
oic_39010,"Rules on Approval of Form and Wording of Takaful Contract, of the Ordinary Type, Endowment Type, Term Type, and Whole life Type, , B.E. 2557 (2014)","[กฎหมายประกันชีวิต] 2018-01-18 Rules on Approval of Form and Wording of Takaful Contract, of the Ordinary Type, Endowment Type, Term Type, and Whole life Type, , B.E. 2557 (2014)",ประกันภัย,กฎหมายประกันชีวิต
oic_39011,"Rules for Approval of Form and Wording Concerning Payment of Benefits under Takaful Contract and Rates of Regular Takaful Contribution, B.E. 2557 (2014)","[กฎหมายประกันชีวิต] 2018-01-18 Rules for Approval of Form and Wording Concerning Payment of Benefits under Takaful Contract and Rates of Regular Takaful Contribution, B.E. 2557 (2014)",ประกันภัย,กฎหมายประกันชีวิต
oic_39012,"Rules for Approval of Form and Wording Concerning Payment of Benefits under Takaful Contract and Rates of Single Takaful Contribution, B.E. 2557 (2014)","[กฎหมายประกันชีวิต] 2018-01-18 Rules for Approval of Form and Wording Concerning Payment of Benefits under Takaful Contract and Rates of Single Takaful Contribution, B.E. 2557 (2014)",ประกันภัย,กฎหมายประกันชีวิต
oic_39013,"Rules, Procedures, and Conditions on Preparation of Risk-Based Capital Report of Life Insurance Company, B.E. 2554 (2011)","[กฎหมายประกันชีวิต] 2018-01-18 Rules, Procedures, and Conditions on Preparation of Risk-Based Capital Report of Life Insurance Company, B.E. 2554 (2011)",ประกันภัย,กฎหมายประกันชีวิต
oic_39014,"Rules, Procedures, and Conditions on Preparation of Risk-Based Capital Report of Life Insurance Company (No. 2), B.E. 2554 (2011)","[กฎหมายประกันชีวิต] 2018-01-18 Rules, Procedures, and Conditions on Preparation of Risk-Based Capital Report of Life Insurance Company (No. 2), B.E. 2554 (2011)",ประกันภัย,กฎหมายประกันชีวิต
oic_39015,"Rules, Procedures, and Conditions on Preparation of Risk-Based Capital Report of Life Insurance Company (No. 3), B.E. 2558 (2015)","[กฎหมายประกันชีวิต] 2018-01-18 Rules, Procedures, and Conditions on Preparation of Risk-Based Capital Report of Life Insurance Company (No. 3), B.E. 2558 (2015)",ประกันภัย,กฎหมายประกันชีวิต
oic_39016,"5-2557 Submission of Reconciliation Report Based on Financial Statements, Reports on the Company’s Financial Position and Business, and Capital Fund Maintenance Reports by Life Insurance Company","[กฎหมายประกันชีวิต] 2018-01-19 5-2557 Submission of Reconciliation Report Based on Financial Statements, Reports on the Company’s Financial Position and Business, and Capital Fund Maintenance Reports by Life Insurance Company",ประกันภัย,กฎหมายประกันชีวิต
oic_39017,No. 27-2557 Trial Submission of Financial Statements of Life Insurance Company Prepared in Accordance with the Financial Reporting Standards No. 4 Insurance Contract,[กฎหมายประกันชีวิต] 2018-01-19 No. 27-2557 Trial Submission of Financial Statements of Life Insurance Company Prepared in Accordance with the Financial Reporting Standards No. 4 Insurance Contract,ประกันภัย,กฎหมายประกันชีวิต
oic_39018,No. 6-2556 Filing of Reports Relating to Results of Business Operations by Juristic Person Undertaking Life Insurance Brokerage Business,[กฎหมายประกันชีวิต] 2018-01-19 No. 6-2556 Filing of Reports Relating to Results of Business Operations by Juristic Person Undertaking Life Insurance Brokerage Business,ประกันภัย,กฎหมายประกันชีวิต
oic_39019,"No. 7-2553 Prescription of Font and Font Size Used in Life Insurance Policies, Ancillary Documents, and Endorsements","[กฎหมายประกันชีวิต] 2018-01-19 No. 7-2553 Prescription of Font and Font Size Used in Life Insurance Policies, Ancillary Documents, and Endorsements",ประกันภัย,กฎหมายประกันชีวิต
oic_39020,No. 21-2557 Use of Endorsement for Hospital Benefit with Respect to Day Case Inpatients,[กฎหมายประกันชีวิต] 2018-01-19 No. 21-2557 Use of Endorsement for Hospital Benefit with Respect to Day Case Inpatients,ประกันภัย,กฎหมายประกันชีวิต
oic_39021,"No.17-2559 Repeal of Pre-existing Condition Shown in Senior Life Insurance Policy, Rider, or Any Agreement Attached to Senior Life Insurance Policy","[กฎหมายประกันชีวิต] 2018-01-19 No.17-2559 Repeal of Pre-existing Condition Shown in Senior Life Insurance Policy, Rider, or Any Agreement Attached to Senior Life Insurance Policy",ประกันภัย,กฎหมายประกันชีวิต
oic_39022,"Rules, Procedures and Conditions for the Registration of Agents and Brokers Selling Universal Life Insurance Policies, B.E. 2552 (2009)","[กฎหมายประกันชีวิต] 2018-01-19 Rules, Procedures and Conditions for the Registration of Agents and Brokers Selling Universal Life Insurance Policies, B.E. 2552 (2009)",ประกันภัย,กฎหมายประกันชีวิต
oic_39023,"Specification of Courses and Methods of Training on Life Insurance for Applicants for Life Microinsurance Agent License Issuance or Renewal, B.E. 2553 (2010)","[กฎหมายประกันชีวิต] 2018-01-19 Specification of Courses and Methods of Training on Life Insurance for Applicants for Life Microinsurance Agent License Issuance or Renewal, B.E. 2553 (2010)",ประกันภัย,กฎหมายประกันชีวิต
oic_39024,"Specification of Courses and Methods for Training on Life Insurance for Applicants for Life Insurance Agent and Broker License Issuance and Renewal, B.E. 2556 (2013)","[กฎหมายประกันชีวิต] 2018-01-19 Specification of Courses and Methods for Training on Life Insurance for Applicants for Life Insurance Agent and Broker License Issuance and Renewal, B.E. 2556 (2013)",ประกันภัย,กฎหมายประกันชีวิต
oic_39025,"Specification of Courses and Methods for Training on Life Insurance for Applicant for Life Insurance Agent and Broker License Issuance and Renewal (No. 2), B.E. 2557 (2014)","[กฎหมายประกันชีวิต] 2018-01-19 Specification of Courses and Methods for Training on Life Insurance for Applicant for Life Insurance Agent and Broker License Issuance and Renewal (No. 2), B.E. 2557 (2014)",ประกันภัย,กฎหมายประกันชีวิต
oic_39026,"Training Courses on Unit-linked Life Insurance Policies and Universal Life Insurance Policies, B.E. 2558 (2015)","[กฎหมายประกันชีวิต] 2018-01-19 Training Courses on Unit-linked Life Insurance Policies and Universal Life Insurance Policies, B.E. 2558 (2015)",ประกันภัย,กฎหมายประกันชีวิต
oic_39027,"Cases Under Which It Is Deemed that a Director, Manager, Person Authorized to Act on Behalf of a Life Insurance Company, or a Consultant to a Life Insurance Company Has a Bad B.E. 2556 (2013)","[กฎหมายประกันชีวิต] 2018-01-19 Cases Under Which It Is Deemed that a Director, Manager, Person Authorized to Act on Behalf of a Life Insurance Company, or a Consultant to a Life Insurance Company Has a Bad B.E. 2556 (2013)",ประกันภัย,กฎหมายประกันชีวิต
oic_39028,"Rules of the Office of Insurance Commission Arbitration, B.E. 2551 (2008)","[กฎหมายประกันชีวิต] 2018-01-19 Rules of the Office of Insurance Commission Arbitration, B.E. 2551 (2008)",ประกันภัย,กฎหมายประกันชีวิต
oic_39029,Rules of the Office of Insurance Commission Arbitration (No. 2) B.E. 2553 (2010),[กฎหมายประกันชีวิต] 2018-01-19 Rules of the Office of Insurance Commission Arbitration (No. 2) B.E. 2553 (2010),ประกันภัย,กฎหมายประกันชีวิต
oic_39030,Conciliation of Insurance Dispute in Arbitration Proceedings B.E. 2553 (2010),[กฎหมายประกันชีวิต] 2018-01-19 Conciliation of Insurance Dispute in Arbitration Proceedings B.E. 2553 (2010),ประกันภัย,กฎหมายประกันชีวิต
oic_39031,ประกาศกระทรวงการคลัง Ministry of Finance notification_non-thai holding more than 49 percent shares (ชีวิต),[กฎหมายประกันชีวิต] 2018-01-19 ประกาศกระทรวงการคลัง Ministry of Finance notification_non-thai holding more than 49 percent shares (ชีวิต),ประกันภัย,กฎหมายประกันชีวิต
